Start (s),End (s),Scientific name,Common name,Confidence,File
0.0,3.0,Dendrocitta leucogastra,White-bellied Treepie,0.7754,101717_source0.wav
0.0,3.0,Dendrocitta formosae,Gray Treepie,0.7640,101717_source0.wav
0.0,3.0,Dendrocitta cinerascens,Dendrocitta cinerascens,0.6849,101717_source0.wav
0.0,3.0,Dendrocitta cinerascens,Bornean Treepie,0.4227,101717_source0.wav
6.0,9.0,Dendrocitta cinerascens,Dendrocitta cinerascens,0.4054,101717_source0.wav
15.0,18.0,Dendrocitta cinerascens,Bornean Treepie,0.8080,101717_source0.wav
15.0,18.0,Dendrocitta cinerascens,Dendrocitta cinerascens,0.6623,101717_source0.wav
21.0,22.52,Dendrocitta formosae,Gray Treepie,0.3587,101717_source0.wav
0.0,3.0,Anthracoceros malayanus,Black Hornbill,0.9974,114397_source0.wav
0.0,3.0,Anthracoceros malayanus,Anthracoceros malayanus,0.9448,114397_source0.wav
3.0,6.0,Anthracoceros malayanus,Black Hornbill,0.9544,114397_source0.wav
3.0,6.0,Anthracoceros malayanus,Anthracoceros malayanus,0.8985,114397_source0.wav
6.0,9.0,Anthracoceros malayanus,Black Hornbill,0.9972,114397_source0.wav
6.0,9.0,Anthracoceros malayanus,Anthracoceros malayanus,0.9430,114397_source0.wav
6.0,9.0,Macronus ptilosus,Macronus ptilosus,0.3667,114397_source0.wav
9.0,12.0,Anthracoceros malayanus,Black Hornbill,0.9357,114397_source0.wav
9.0,12.0,Anthracoceros malayanus,Anthracoceros malayanus,0.7255,114397_source0.wav
18.0,21.0,Anthracoceros malayanus,Anthracoceros malayanus,0.4408,114397_source0.wav
18.0,21.0,Anthracoceros malayanus,Black Hornbill,0.3210,114397_source0.wav
21.0,24.0,Anthracoceros malayanus,Black Hornbill,0.9911,114397_source0.wav
21.0,24.0,Anthracoceros malayanus,Anthracoceros malayanus,0.9459,114397_source0.wav
24.0,27.0,Anthracoceros malayanus,Black Hornbill,0.9938,114397_source0.wav
24.0,27.0,Anthracoceros malayanus,Anthracoceros malayanus,0.9682,114397_source0.wav
24.0,27.0,Bycanistes albotibialis,White-thighed Hornbill,0.4984,114397_source0.wav
27.0,30.0,Anthracoceros malayanus,Black Hornbill,0.9912,114397_source0.wav
27.0,30.0,Anthracoceros malayanus,Anthracoceros malayanus,0.9344,114397_source0.wav
27.0,30.0,Bycanistes albotibialis,White-thighed Hornbill,0.3477,114397_source0.wav
30.0,33.0,Anthracoceros malayanus,Black Hornbill,0.7797,114397_source0.wav
30.0,33.0,Anthracoceros malayanus,Anthracoceros malayanus,0.5344,114397_source0.wav
36.0,39.0,Anthracoceros malayanus,Black Hornbill,0.8619,114397_source0.wav
36.0,39.0,Anthracoceros malayanus,Anthracoceros malayanus,0.7220,114397_source0.wav
39.0,42.0,Anthracoceros malayanus,Black Hornbill,0.3428,114397_source0.wav
39.0,42.0,Anthracoceros malayanus,Anthracoceros malayanus,0.3188,114397_source0.wav
42.0,45.0,Anthracoceros malayanus,Black Hornbill,0.9979,114397_source0.wav
42.0,45.0,Anthracoceros malayanus,Anthracoceros malayanus,0.9506,114397_source0.wav
45.0,48.0,Anthracoceros malayanus,Black Hornbill,0.9809,114397_source0.wav
45.0,48.0,Anthracoceros malayanus,Anthracoceros malayanus,0.8758,114397_source0.wav
48.0,51.0,Anthracoceros malayanus,Black Hornbill,0.9929,114397_source0.wav
48.0,51.0,Anthracoceros malayanus,Anthracoceros malayanus,0.9774,114397_source0.wav
51.0,54.0,Anthracoceros malayanus,Black Hornbill,0.9697,114397_source0.wav
51.0,54.0,Anthracoceros malayanus,Anthracoceros malayanus,0.9436,114397_source0.wav
51.0,54.0,Bycanistes albotibialis,White-thighed Hornbill,0.6203,114397_source0.wav
54.0,57.0,Anthracoceros malayanus,Anthracoceros malayanus,0.5535,114397_source0.wav
54.0,57.0,Anthracoceros malayanus,Black Hornbill,0.4398,114397_source0.wav
57.0,60.0,Anthracoceros malayanus,Black Hornbill,0.9892,114397_source0.wav
57.0,60.0,Anthracoceros malayanus,Anthracoceros malayanus,0.9305,114397_source0.wav
60.0,63.0,Anthracoceros malayanus,Black Hornbill,0.8578,114397_source0.wav
60.0,63.0,Anthracoceros malayanus,Anthracoceros malayanus,0.7757,114397_source0.wav
60.0,63.0,Bycanistes albotibialis,White-thighed Hornbill,0.2916,114397_source0.wav
0.0,3.0,Megascops ingens,Rufescent Screech-Owl,0.2509,121494_source3.wav
9.0,12.0,Cyphorhinus thoracicus,Chestnut-breasted Wren,0.4660,121494_source3.wav
3.0,6.0,Anthracoceros albirostris,Oriental Pied-Hornbill,0.9758,150900_source0.wav
21.0,24.0,Anthracoceros albirostris,Oriental Pied-Hornbill,0.7949,150900_source0.wav
30.0,33.0,Amazona auropalliata,Yellow-naped Parrot,0.2528,150900_source0.wav
3.0,6.0,Calyptomena whiteheadi,Whitehead's Broadbill,0.9098,151620_source0.wav
3.0,6.0,Calyptomena whiteheadi,Calyptomena whiteheadi,0.8251,151620_source0.wav
6.0,9.0,Calyptomena whiteheadi,Calyptomena whiteheadi,0.8038,151620_source0.wav
6.0,9.0,Calyptomena whiteheadi,Whitehead's Broadbill,0.7999,151620_source0.wav
9.0,12.0,Oriolus chinensis,Black-naped Oriole,0.4115,151620_source0.wav
9.0,12.0,Oriolus traillii,Maroon Oriole,0.2619,151620_source0.wav
15.0,18.0,Calyptomena whiteheadi,Calyptomena whiteheadi,0.7851,151620_source0.wav
15.0,18.0,Calyptomena whiteheadi,Whitehead's Broadbill,0.5318,151620_source0.wav
27.0,30.0,Calyptomena whiteheadi,Calyptomena whiteheadi,0.6441,151620_source0.wav
27.0,30.0,Calyptomena whiteheadi,Whitehead's Broadbill,0.4996,151620_source0.wav
30.0,33.0,Habia rubica,Red-crowned Ant-Tanager,0.2631,151620_source0.wav
33.0,36.0,Calyptomena whiteheadi,Calyptomena whiteheadi,0.7780,151620_source0.wav
33.0,36.0,Calyptomena whiteheadi,Whitehead's Broadbill,0.7084,151620_source0.wav
33.0,36.0,Psilopogon pyrolophus,Psilopogon pyrolophus,0.2540,151620_source0.wav
36.0,39.0,Calyptomena whiteheadi,Calyptomena whiteheadi,0.2531,151620_source0.wav
39.0,42.0,Calyptomena whiteheadi,Calyptomena whiteheadi,0.5933,151620_source0.wav
39.0,42.0,Calyptomena whiteheadi,Whitehead's Broadbill,0.2793,151620_source0.wav
42.0,45.0,Psilopogon pyrolophus,Psilopogon pyrolophus,0.5603,151620_source0.wav
42.0,45.0,Psilopogon pyrolophus,Fire-tufted Barbet,0.3496,151620_source0.wav
51.0,54.0,Calyptomena whiteheadi,Calyptomena whiteheadi,0.5018,151620_source0.wav
6.0,9.0,Geokichla citrina,Orange-headed Thrush,0.5911,167240_source0.wav
6.0,9.0,Cossypha humeralis,White-throated Robin-Chat,0.2807,167240_source0.wav
6.0,9.0,Pellorneum rostratum,Pellorneum rostratum,0.2655,167240_source0.wav
12.0,15.0,Geokichla citrina,Orange-headed Thrush,0.2582,167240_source0.wav
24.0,27.0,Pellorneum rostratum,Pellorneum rostratum,0.3613,167240_source0.wav
24.0,27.0,Geokichla citrina,Orange-headed Thrush,0.2527,167240_source0.wav
54.0,57.0,Geokichla citrina,Orange-headed Thrush,0.3252,167240_source0.wav
60.0,63.0,Garrulax canorus,Chinese Hwamei,0.3510,167240_source0.wav
66.0,69.0,Geokichla citrina,Orange-headed Thrush,0.4404,167240_source0.wav
66.0,69.0,Pellorneum rostratum,Pellorneum rostratum,0.3145,167240_source0.wav
72.0,75.0,Cercotrichas leucophrys,Red-backed Scrub-Robin,0.2736,167240_source0.wav
105.0,108.0,Geokichla citrina,Orange-headed Thrush,0.8559,167240_source0.wav
105.0,108.0,Pellorneum rostratum,Pellorneum rostratum,0.7488,167240_source0.wav
123.0,126.0,Pellorneum rostratum,Pellorneum rostratum,0.4190,167240_source0.wav
0.0,3.0,Gypsophila crassa,Gypsophila crassa,0.9620,167269_source0.wav
3.0,6.0,Gypsophila crassa,Gypsophila crassa,0.9824,167269_source0.wav
6.0,9.0,Gypsophila crassa,Gypsophila crassa,0.8460,167269_source0.wav
9.0,12.0,Gypsophila crassa,Gypsophila crassa,0.7463,167269_source0.wav
12.0,15.0,Todiramphus chloris,Collared Kingfisher,0.9024,167269_source0.wav
12.0,15.0,Todiramphus chloris,Todiramphus chloris,0.6633,167269_source0.wav
15.0,18.0,Gypsophila crassa,Gypsophila crassa,0.9141,167269_source0.wav
18.0,21.0,Gypsophila crassa,Gypsophila crassa,0.8876,167269_source0.wav
21.0,24.0,Gypsophila crassa,Gypsophila crassa,0.9533,167269_source0.wav
24.0,27.0,Gypsophila crassa,Gypsophila crassa,0.3841,167269_source0.wav
24.0,27.0,Inezia caudata,Pale-tipped Tyrannulet,0.3143,167269_source0.wav
30.0,33.0,Inezia caudata,Pale-tipped Tyrannulet,0.8587,167269_source0.wav
30.0,33.0,Gypsophila crassa,Gypsophila crassa,0.5689,167269_source0.wav
36.0,39.0,Gypsophila crassa,Gypsophila crassa,0.8777,167269_source0.wav
39.0,42.0,Gypsophila crassa,Gypsophila crassa,0.8596,167269_source0.wav
42.0,45.0,Gypsophila crassa,Gypsophila crassa,0.7163,167269_source0.wav
48.0,51.0,Inezia caudata,Pale-tipped Tyrannulet,0.5969,167269_source0.wav
51.0,54.0,Gypsophila crassa,Gypsophila crassa,0.8722,167269_source0.wav
54.0,57.0,Gypsophila crassa,Gypsophila crassa,0.8278,167269_source0.wav
57.0,60.0,Gypsophila crassa,Gypsophila crassa,0.2686,167269_source0.wav
75.0,78.0,Gypsophila crassa,Gypsophila crassa,0.5493,167269_source0.wav
78.0,81.0,Hypsipetes leucocephalus,Black Bulbul,0.4455,167269_source0.wav
6.0,9.0,Phyllergates cucullatus,Mountain Tailorbird,0.3822,173482_source1.wav
9.0,12.0,Phyllergates cucullatus,Mountain Tailorbird,0.7966,173482_source1.wav
9.0,12.0,Phyllergates cucullatus,Phyllergates cucullatus,0.6143,173482_source1.wav
24.0,27.0,Phyllergates cucullatus,Phyllergates cucullatus,0.2864,173482_source1.wav
30.0,33.0,Phyllergates cucullatus,Mountain Tailorbird,0.7653,173482_source1.wav
30.0,33.0,Phyllergates cucullatus,Phyllergates cucullatus,0.5536,173482_source1.wav
42.0,45.0,Pnoepyga pusilla,Pygmy Cupwing,0.3144,173482_source1.wav
42.0,45.0,Pnoepyga pusilla,Pnoepyga pusilla,0.2847,173482_source1.wav
3.0,4.99,Psittacara wagleri,Scarlet-fronted Parakeet,0.3647,173483_source0.wav
0.0,2.08,Harpactes orrhophaeus,Cinnamon-rumped Trogon,0.3681,177913_source1.wav
0.0,3.0,Malacopteron cinereum,Scaly-crowned Babbler,0.9011,190012_source0.wav
0.0,3.0,Malacopteron cinereum,Malacopteron cinereum,0.6011,190012_source0.wav
0.0,3.0,Megascops roraimae,Foothill Screech-Owl,0.3909,202715_source0.wav
6.0,9.0,Strix leptogrammica,Brown Wood-Owl,0.3559,202715_source0.wav
12.0,15.0,Megascops roraimae,Foothill Screech-Owl,0.3143,202715_source0.wav
15.0,18.0,Ninox sumbaensis,Ninox sumbaensis,0.3153,202715_source0.wav
18.0,21.0,Strix leptogrammica,Brown Wood-Owl,0.2814,202715_source0.wav
33.0,36.0,Megascops roboratus,Peruvian Screech-Owl,0.3163,202715_source0.wav
45.0,48.0,Ciccaba virgata,Mottled Owl,0.2885,202715_source0.wav
45.0,48.0,Megascops roraimae,Foothill Screech-Owl,0.2745,202715_source0.wav
45.0,48.0,Batrachostomus affinis,Batrachostomus affinis,0.2630,202715_source0.wav
51.0,54.0,Megascops ingens,Rufescent Screech-Owl,0.2648,202715_source0.wav
57.0,60.0,Ninox sumbaensis,Ninox sumbaensis,0.4237,202715_source0.wav
0.0,3.0,Dendrocitta cinerascens,Bornean Treepie,0.3155,205330_source0.wav
6.0,9.0,Rollulus rouloul,Crested Partridge,0.4910,22028_source0.wav
6.0,9.0,Rollulus rouloul,Rollulus rouloul,0.2764,22028_source0.wav
12.0,15.0,Malacopteron cinereum,Scaly-crowned Babbler,0.4344,22028_source0.wav
12.0,15.0,Malacopteron magnum,Rufous-crowned Babbler,0.2624,22028_source0.wav
18.0,21.0,Rollulus rouloul,Crested Partridge,0.6605,22028_source0.wav
27.0,30.0,Rollulus rouloul,Crested Partridge,0.8533,22028_source0.wav
27.0,30.0,Rollulus rouloul,Rollulus rouloul,0.3380,22028_source0.wav
45.0,48.0,Rollulus rouloul,Rollulus rouloul,0.5428,22028_source0.wav
45.0,48.0,Rollulus rouloul,Crested Partridge,0.3214,22028_source0.wav
51.0,54.0,Rollulus rouloul,Crested Partridge,0.2639,22028_source0.wav
60.0,63.0,Rollulus rouloul,Crested Partridge,0.7879,22028_source0.wav
60.0,63.0,Rollulus rouloul,Rollulus rouloul,0.2684,22028_source0.wav
63.0,66.0,Rollulus rouloul,Crested Partridge,0.4093,22028_source0.wav
63.0,66.0,Rollulus rouloul,Rollulus rouloul,0.3317,22028_source0.wav
66.0,67.19,Locustella fluviatilis,River Warbler,0.7871,22028_source0.wav
0.0,3.0,Batrachostomus moniliger,Sri Lanka Frogmouth,0.3142,23071_source0.wav
0.0,3.0,Pityriasis gymnocephala,Bornean Bristlehead,0.2966,23071_source0.wav
9.0,12.0,Pityriasis gymnocephala,Bornean Bristlehead,0.7195,23071_source0.wav
21.0,24.0,Pityriasis gymnocephala,Bornean Bristlehead,0.7537,23071_source0.wav
24.0,27.0,Corvus enca,Corvus enca,0.3043,23071_source0.wav
27.0,30.0,Pityriasis gymnocephala,Bornean Bristlehead,0.6688,23071_source0.wav
30.0,33.0,Chiroxiphia caudata,Swallow-tailed Manakin,0.4879,23071_source0.wav
42.0,45.0,Pityriasis gymnocephala,Bornean Bristlehead,0.5654,23071_source0.wav
45.0,48.0,Pityriasis gymnocephala,Bornean Bristlehead,0.7361,23071_source0.wav
45.0,48.0,Cacicus solitarius,Solitary Black Cacique,0.3485,23071_source0.wav
48.0,51.0,Pityriasis gymnocephala,Bornean Bristlehead,0.4992,23071_source0.wav
48.0,51.0,Corvus enca,Corvus enca,0.4958,23071_source0.wav
51.0,54.0,Pityriasis gymnocephala,Bornean Bristlehead,0.4415,23071_source0.wav
54.0,57.0,Pityriasis gymnocephala,Bornean Bristlehead,0.9061,23071_source0.wav
3.0,6.0,Pitta sordida,Pitta sordida,0.3077,241935_source3.wav
12.0,15.0,Pitta sordida,Pitta sordida,0.3189,241935_source3.wav
24.0,27.0,Pitta sordida,Pitta sordida,0.3886,241935_source3.wav
0.0,3.0,Hydrornis baudii,Blue-headed Pitta,0.9233,244291_source0.wav
0.0,3.0,Hydrornis baudii,Hydrornis baudii,0.4990,244291_source0.wav
6.0,9.0,Hydrornis baudii,Blue-headed Pitta,0.7950,244291_source0.wav
6.0,9.0,Hydrornis baudii,Hydrornis baudii,0.2960,244291_source0.wav
15.0,18.0,Hydrornis baudii,Hydrornis baudii,0.4846,244291_source0.wav
15.0,18.0,Hydrornis baudii,Blue-headed Pitta,0.3042,244291_source0.wav
18.0,21.0,Dryocopus martius,Black Woodpecker,0.4231,244291_source0.wav
27.0,30.0,Hydrornis baudii,Blue-headed Pitta,0.8980,244291_source0.wav
27.0,30.0,Hydrornis baudii,Hydrornis baudii,0.3925,244291_source0.wav
9.0,12.0,Ficedula dumetoria,Rufous-chested Flycatcher,0.6206,269851_source1.wav
9.0,12.0,Ficedula dumetoria,Ficedula dumetoria,0.6181,269851_source1.wav
9.0,12.0,Niltava macgrigoriae,Small Niltava,0.3284,269851_source1.wav
0.0,3.0,Dendrocitta cinerascens,Bornean Treepie,0.9670,283272_source0.wav
0.0,3.0,Dendrocitta cinerascens,Dendrocitta cinerascens,0.4876,283272_source0.wav
3.0,6.0,Dendrocitta cinerascens,Bornean Treepie,0.5171,283272_source0.wav
3.0,6.0,Dendrocitta cinerascens,Dendrocitta cinerascens,0.3093,283272_source0.wav
6.0,9.0,Dendrocitta cinerascens,Bornean Treepie,0.9842,283272_source0.wav
6.0,9.0,Dendrocitta cinerascens,Dendrocitta cinerascens,0.6954,283272_source0.wav
6.0,9.0,Dendrocitta leucogastra,White-bellied Treepie,0.2558,283272_source0.wav
9.0,12.0,Semioptera wallacii,Standardwing Bird-of-Paradise,0.2849,283272_source0.wav
12.0,15.0,Dendrocitta cinerascens,Bornean Treepie,0.9232,283272_source0.wav
12.0,15.0,Dendrocitta cinerascens,Dendrocitta cinerascens,0.5678,283272_source0.wav
15.0,18.0,Dendrocitta cinerascens,Bornean Treepie,0.7500,283272_source0.wav
15.0,18.0,Dendrocitta cinerascens,Dendrocitta cinerascens,0.5794,283272_source0.wav
18.0,21.0,Dendrocitta cinerascens,Bornean Treepie,0.9551,283272_source0.wav
18.0,21.0,Dendrocitta cinerascens,Dendrocitta cinerascens,0.4765,283272_source0.wav
18.0,21.0,Nucifraga caryocatactes,Eurasian Nutcracker,0.2987,283272_source0.wav
24.0,27.0,Dendrocitta cinerascens,Bornean Treepie,0.9456,283272_source0.wav
24.0,27.0,Dendrocitta cinerascens,Dendrocitta cinerascens,0.7195,283272_source0.wav
24.0,27.0,Dendrocitta leucogastra,White-bellied Treepie,0.2750,283272_source0.wav
27.0,30.0,Dendrocitta cinerascens,Bornean Treepie,0.9103,283272_source0.wav
27.0,30.0,Dendrocitta leucogastra,White-bellied Treepie,0.7016,283272_source0.wav
27.0,30.0,Dendrocitta cinerascens,Dendrocitta cinerascens,0.6303,283272_source0.wav
33.0,35.37,Dendrocitta cinerascens,Bornean Treepie,0.9761,283272_source0.wav
33.0,35.37,Dendrocitta cinerascens,Dendrocitta cinerascens,0.5281,283272_source0.wav
15.0,18.0,Strix leptogrammica,Strix leptogrammica,0.3102,288757_source3.wav
21.0,24.0,Strix leptogrammica,Strix leptogrammica,0.2650,288757_source3.wav
30.0,31.74,Ninox scutulata,Brown Boobook,0.3178,288757_source3.wav
0.0,3.0,Copsychus malabaricus,White-rumped Shama,0.4176,290307_source0.wav
6.0,9.0,Chiroxiphia pareola,Blue-backed Manakin,0.2677,290307_source0.wav
15.0,18.0,Malacopteron magnum,Malacopteron magnum,0.7100,290307_source0.wav
15.0,18.0,Malacopteron magnum,Rufous-crowned Babbler,0.6697,290307_source0.wav
21.0,24.0,Copsychus malabaricus,White-rumped Shama,0.6849,290307_source0.wav
0.0,3.0,Phacellodomus rufifrons,Rufous-fronted Thornbird,0.9704,296457_source0.wav
3.0,6.0,Phacellodomus rufifrons,Rufous-fronted Thornbird,0.2892,296457_source0.wav
6.0,9.0,Camptostoma obsoletum,Southern Beardless-Tyrannulet,0.7092,296457_source0.wav
15.0,18.0,Phaeomyias murina,Mouse-colored Tyrannulet,0.8800,296457_source0.wav
18.0,21.0,Phaeomyias murina,Mouse-colored Tyrannulet,0.7954,296457_source0.wav
30.0,33.0,Phacellodomus rufifrons,Rufous-fronted Thornbird,0.8960,296457_source0.wav
33.0,36.0,Phacellodomus rufifrons,Rufous-fronted Thornbird,0.8923,296457_source0.wav
0.0,3.0,Erythropitta ussheri,Erythropitta ussheri,0.2503,296461_source1.wav
6.0,9.0,Erythropitta ussheri,Erythropitta ussheri,0.4036,296461_source1.wav
9.0,12.0,Erythropitta ussheri,Erythropitta ussheri,0.7456,296461_source1.wav
9.0,12.0,Erythropitta ussheri,Black-crowned Pitta,0.6725,296461_source1.wav
12.0,15.0,Erythropitta ussheri,Erythropitta ussheri,0.5989,296461_source1.wav
12.0,15.0,Erythropitta ussheri,Black-crowned Pitta,0.3647,296461_source1.wav
15.0,18.0,Erythropitta ussheri,Erythropitta ussheri,0.3059,296461_source1.wav
18.0,21.0,Erythropitta ussheri,Erythropitta ussheri,0.4151,296461_source1.wav
21.0,24.0,Erythropitta ussheri,Erythropitta ussheri,0.5816,296461_source1.wav
21.0,24.0,Erythropitta ussheri,Black-crowned Pitta,0.3197,296461_source1.wav
3.0,6.0,Power tools,Power tools,0.4712,29900_source2.wav
3.0,6.0,Engine,Engine,0.3222,29900_source2.wav
6.0,9.0,Engine,Engine,0.2908,29900_source2.wav
0.0,3.0,Stachyris nigriceps,Stachyris nigriceps,0.3209,359551_source3.wav
9.0,12.0,Formicarius nigricapillus,Black-headed Antthrush,0.2507,359551_source3.wav
0.0,3.0,Anthracoceros malayanus,Anthracoceros malayanus,0.7789,359553_source0.wav
0.0,3.0,Anthracoceros malayanus,Black Hornbill,0.7262,359553_source0.wav
3.0,6.0,Anthracoceros malayanus,Anthracoceros malayanus,0.7694,359553_source0.wav
3.0,6.0,Anthracoceros malayanus,Black Hornbill,0.3769,359553_source0.wav
6.0,9.0,Anthracoceros malayanus,Anthracoceros malayanus,0.9419,359553_source0.wav
6.0,9.0,Anthracoceros malayanus,Black Hornbill,0.8231,359553_source0.wav
9.0,12.0,Anthracoceros malayanus,Anthracoceros malayanus,0.9493,359553_source0.wav
9.0,12.0,Anthracoceros malayanus,Black Hornbill,0.8447,359553_source0.wav
12.0,15.0,Anthracoceros malayanus,Black Hornbill,0.9994,359553_source0.wav
12.0,15.0,Anthracoceros malayanus,Anthracoceros malayanus,0.9908,359553_source0.wav
12.0,15.0,Anodorhynchus hyacinthinus,Hyacinth Macaw,0.7136,359553_source0.wav
15.0,18.0,Anthracoceros malayanus,Anthracoceros malayanus,0.6860,359553_source0.wav
15.0,18.0,Anthracoceros malayanus,Black Hornbill,0.6441,359553_source0.wav
18.0,21.0,Anthracoceros malayanus,Black Hornbill,0.9820,359553_source0.wav
18.0,21.0,Anthracoceros malayanus,Anthracoceros malayanus,0.9756,359553_source0.wav
21.0,24.0,Anthracoceros malayanus,Black Hornbill,0.9965,359553_source0.wav
21.0,24.0,Anthracoceros malayanus,Anthracoceros malayanus,0.9940,359553_source0.wav
21.0,24.0,Anodorhynchus hyacinthinus,Hyacinth Macaw,0.2906,359553_source0.wav
24.0,27.0,Anthracoceros malayanus,Black Hornbill,0.9956,359553_source0.wav
24.0,27.0,Anthracoceros malayanus,Anthracoceros malayanus,0.9911,359553_source0.wav
24.0,27.0,Anodorhynchus hyacinthinus,Hyacinth Macaw,0.3782,359553_source0.wav
27.0,30.0,Anthracoceros malayanus,Anthracoceros malayanus,0.9767,359553_source0.wav
27.0,30.0,Anthracoceros malayanus,Black Hornbill,0.9579,359553_source0.wav
30.0,33.0,Anthracoceros malayanus,Black Hornbill,0.9993,359553_source0.wav
30.0,33.0,Anthracoceros malayanus,Anthracoceros malayanus,0.9905,359553_source0.wav
30.0,33.0,Anodorhynchus hyacinthinus,Hyacinth Macaw,0.2997,359553_source0.wav
33.0,36.0,Anthracoceros malayanus,Black Hornbill,0.9953,359553_source0.wav
33.0,36.0,Anthracoceros malayanus,Anthracoceros malayanus,0.9828,359553_source0.wav
36.0,39.0,Anthracoceros malayanus,Anthracoceros malayanus,0.8648,359553_source0.wav
36.0,39.0,Anthracoceros malayanus,Black Hornbill,0.7399,359553_source0.wav
39.0,42.0,Anthracoceros malayanus,Black Hornbill,0.9807,359553_source0.wav
39.0,42.0,Anthracoceros malayanus,Anthracoceros malayanus,0.9796,359553_source0.wav
42.0,45.0,Anodorhynchus hyacinthinus,Hyacinth Macaw,0.7420,359553_source0.wav
42.0,45.0,Anthracoceros malayanus,Anthracoceros malayanus,0.6535,359553_source0.wav
42.0,45.0,Anthracoceros malayanus,Black Hornbill,0.2919,359553_source0.wav
45.0,48.0,Anthracoceros malayanus,Black Hornbill,0.9881,359553_source0.wav
45.0,48.0,Anthracoceros malayanus,Anthracoceros malayanus,0.9848,359553_source0.wav
48.0,51.0,Anthracoceros malayanus,Anthracoceros malayanus,0.8063,359553_source0.wav
48.0,51.0,Anodorhynchus hyacinthinus,Hyacinth Macaw,0.7295,359553_source0.wav
51.0,54.0,Anthracoceros malayanus,Black Hornbill,0.9885,359553_source0.wav
51.0,54.0,Anthracoceros malayanus,Anthracoceros malayanus,0.9523,359553_source0.wav
51.0,54.0,Anodorhynchus hyacinthinus,Hyacinth Macaw,0.8030,359553_source0.wav
54.0,57.0,Anthracoceros malayanus,Black Hornbill,0.9543,359553_source0.wav
54.0,57.0,Anthracoceros malayanus,Anthracoceros malayanus,0.8950,359553_source0.wav
57.0,60.0,Anthracoceros malayanus,Black Hornbill,0.9985,359553_source0.wav
57.0,60.0,Anthracoceros malayanus,Anthracoceros malayanus,0.9696,359553_source0.wav
57.0,60.0,Anodorhynchus hyacinthinus,Hyacinth Macaw,0.2763,359553_source0.wav
60.0,63.0,Anthracoceros malayanus,Black Hornbill,0.9229,359553_source0.wav
60.0,63.0,Anthracoceros malayanus,Anthracoceros malayanus,0.7601,359553_source0.wav
60.0,63.0,Anodorhynchus hyacinthinus,Hyacinth Macaw,0.6462,359553_source0.wav
60.0,63.0,Ciccaba virgata,Mottled Owl,0.5474,359584_source1.wav
66.0,69.0,Ciccaba huhula,Black-banded Owl,0.3531,359584_source1.wav
87.0,90.0,Megascops choliba,Tropical Screech-Owl,0.3040,359584_source1.wav
9.0,12.0,Malacopteron affine,Sooty-capped Babbler,0.2867,359617_source1.wav
60.0,63.0,Polyplectron malacense,Polyplectron malacense,0.2840,359617_source1.wav
3.0,6.0,Dendrocitta leucogastra,White-bellied Treepie,0.7872,359677_source0.wav
3.0,6.0,Dendrocitta cinerascens,Dendrocitta cinerascens,0.6631,359677_source0.wav
3.0,6.0,Dendrocitta cinerascens,Bornean Treepie,0.3491,359677_source0.wav
6.0,9.0,Habia fuscicauda,Red-throated Ant-Tanager,0.2963,359677_source0.wav
9.0,12.0,Dendrocitta cinerascens,Dendrocitta cinerascens,0.7750,359677_source0.wav
9.0,12.0,Dendrocitta cinerascens,Bornean Treepie,0.3736,359677_source0.wav
0.0,3.0,Pterorhinus treacheri,Pterorhinus treacheri,0.8719,359752_source0.wav
0.0,3.0,Pterorhinus treacheri,Chestnut-hooded Laughingthrush,0.3204,359752_source0.wav
0.0,3.0,Malacocincla abbotti,Malacocincla abbotti,0.2603,359752_source0.wav
3.0,6.0,Pterorhinus treacheri,Pterorhinus treacheri,0.9708,359752_source0.wav
3.0,6.0,Pterorhinus treacheri,Chestnut-hooded Laughingthrush,0.8590,359752_source0.wav
6.0,9.0,Pterorhinus treacheri,Pterorhinus treacheri,0.7698,359752_source0.wav
6.0,9.0,Cossypha natalensis,Red-capped Robin-Chat,0.3009,359752_source0.wav
9.0,12.0,Pterorhinus treacheri,Pterorhinus treacheri,0.9415,359752_source0.wav
9.0,12.0,Pterorhinus treacheri,Chestnut-hooded Laughingthrush,0.7521,359752_source0.wav
12.0,15.0,Pterorhinus treacheri,Pterorhinus treacheri,0.6358,359752_source0.wav
12.0,15.0,Laniarius ferrugineus,Southern Boubou,0.6312,359752_source0.wav
12.0,15.0,Pterorhinus treacheri,Chestnut-hooded Laughingthrush,0.4191,359752_source0.wav
15.0,18.0,Pterorhinus treacheri,Pterorhinus treacheri,0.7833,359752_source0.wav
15.0,18.0,Malacocincla abbotti,Malacocincla abbotti,0.4950,359752_source0.wav
15.0,18.0,Malacocincla abbotti,Abbott's Babbler,0.4611,359752_source0.wav
15.0,18.0,Pterorhinus treacheri,Chestnut-hooded Laughingthrush,0.3268,359752_source0.wav
18.0,21.0,Pterorhinus treacheri,Pterorhinus treacheri,0.8661,359752_source0.wav
18.0,21.0,Pterorhinus treacheri,Chestnut-hooded Laughingthrush,0.6831,359752_source0.wav
21.0,24.0,Pterorhinus treacheri,Pterorhinus treacheri,0.6860,359752_source0.wav
24.0,27.0,Pterorhinus treacheri,Pterorhinus treacheri,0.9477,359752_source0.wav
24.0,27.0,Pterorhinus treacheri,Chestnut-hooded Laughingthrush,0.7332,359752_source0.wav
3.0,6.0,Haematortyx sanguiniceps,Crimson-headed Partridge,0.5235,359767_source0.wav
3.0,6.0,Corvus enca,Corvus enca,0.2881,359767_source0.wav
6.0,9.0,Haematortyx sanguiniceps,Crimson-headed Partridge,0.9994,359767_source0.wav
6.0,9.0,Haematortyx sanguiniceps,Haematortyx sanguiniceps,0.9947,359767_source0.wav
9.0,12.0,Haematortyx sanguiniceps,Crimson-headed Partridge,0.9966,359767_source0.wav
9.0,12.0,Haematortyx sanguiniceps,Haematortyx sanguiniceps,0.9642,359767_source0.wav
12.0,15.0,Haematortyx sanguiniceps,Crimson-headed Partridge,0.5681,359767_source0.wav
15.0,18.0,Haematortyx sanguiniceps,Crimson-headed Partridge,0.9661,359767_source0.wav
15.0,18.0,Haematortyx sanguiniceps,Haematortyx sanguiniceps,0.7458,359767_source0.wav
18.0,21.0,Haematortyx sanguiniceps,Crimson-headed Partridge,0.9817,359767_source0.wav
18.0,21.0,Haematortyx sanguiniceps,Haematortyx sanguiniceps,0.8429,359767_source0.wav
21.0,24.0,Haematortyx sanguiniceps,Crimson-headed Partridge,0.9668,359767_source0.wav
21.0,24.0,Haematortyx sanguiniceps,Haematortyx sanguiniceps,0.7155,359767_source0.wav
24.0,27.0,Haematortyx sanguiniceps,Crimson-headed Partridge,0.9041,359767_source0.wav
24.0,27.0,Haematortyx sanguiniceps,Haematortyx sanguiniceps,0.3913,359767_source0.wav
27.0,30.0,Haematortyx sanguiniceps,Crimson-headed Partridge,0.7773,359767_source0.wav
27.0,30.0,Haematortyx sanguiniceps,Haematortyx sanguiniceps,0.6460,359767_source0.wav
6.0,9.0,Human whistle,Human whistle,0.4287,359894_source0.wav
6.0,9.0,Turdinus macrodactylus,Turdinus macrodactylus,0.4259,359894_source0.wav
9.0,12.0,Turdinus atrigularis,Turdinus atrigularis,0.3362,359894_source0.wav
12.0,15.0,Turdinus atrigularis,Turdinus atrigularis,0.3252,359894_source0.wav
12.0,15.0,Hierococcyx varius,Common Hawk-Cuckoo,0.3138,359894_source0.wav
12.0,15.0,Human whistle,Human whistle,0.2889,359894_source0.wav
18.0,21.0,Human whistle,Human whistle,0.6353,359894_source0.wav
21.0,24.0,Human whistle,Human whistle,0.6848,359894_source0.wav
21.0,24.0,Turdinus atrigularis,Turdinus atrigularis,0.2980,359894_source0.wav
24.0,27.0,Turdinus atrigularis,Black-throated Wren-Babbler,0.8823,359894_source0.wav
24.0,27.0,Turdinus atrigularis,Turdinus atrigularis,0.6755,359894_source0.wav
6.0,9.0,Gypsophila crassa,Gypsophila crassa,0.6934,359896_source0.wav
12.0,15.0,Pogonocichla stellata,White-starred Robin,0.2661,359896_source0.wav
15.0,18.0,Alcippe poioicephala,Brown-cheeked Fulvetta,0.4155,359896_source0.wav
18.0,21.0,Gypsophila crassa,Gypsophila crassa,0.4488,359896_source0.wav
24.0,27.0,Gypsophila crassa,Gypsophila crassa,0.3864,359896_source0.wav
27.0,30.0,Geokichla citrina,Orange-headed Thrush,0.2849,359896_source0.wav
30.0,33.0,Gypsophila crassa,Gypsophila crassa,0.4779,359896_source0.wav
39.0,42.0,Geokichla peronii,Orange-banded Thrush,0.3768,359896_source0.wav
39.0,42.0,Gypsophila crassa,Gypsophila crassa,0.3530,359896_source0.wav
39.0,42.0,Geokichla citrina,Orange-headed Thrush,0.2755,359896_source0.wav
39.0,42.0,Cyornis concretus,White-tailed Flycatcher,0.2526,359896_source0.wav
0.0,3.0,Gypsophila crassa,Gypsophila crassa,0.7257,359898_source0.wav
6.0,9.0,Gypsophila crassa,Gypsophila crassa,0.7268,359898_source0.wav
9.0,12.0,Gypsophila crassa,Gypsophila crassa,0.9398,359898_source0.wav
12.0,15.0,Gypsophila crassa,Gypsophila crassa,0.8117,359898_source0.wav
12.0,15.0,Ficedula narcissina,Narcissus Flycatcher,0.4064,359898_source0.wav
15.0,18.0,Gypsophila crassa,Gypsophila crassa,0.8827,359898_source0.wav
15.0,18.0,Ficedula narcissina,Narcissus Flycatcher,0.4566,359898_source0.wav
18.0,21.0,Gypsophila crassa,Gypsophila crassa,0.9735,359898_source0.wav
18.0,21.0,Myrmoderus ferrugineus,Ferruginous-backed Antbird,0.3195,359898_source0.wav
21.0,24.0,Gypsophila crassa,Gypsophila crassa,0.9910,359898_source0.wav
24.0,27.0,Gypsophila crassa,Gypsophila crassa,0.9668,359898_source0.wav
27.0,30.0,Gypsophila crassa,Gypsophila crassa,0.9889,359898_source0.wav
30.0,33.0,Gypsophila crassa,Gypsophila crassa,0.9384,359898_source0.wav
33.0,36.0,Gypsophila crassa,Gypsophila crassa,0.9464,359898_source0.wav
33.0,36.0,Ficedula narcissina,Narcissus Flycatcher,0.3379,359898_source0.wav
36.0,39.0,Gypsophila crassa,Gypsophila crassa,0.7427,359898_source0.wav
39.0,42.0,Gypsophila crassa,Gypsophila crassa,0.9738,359898_source0.wav
42.0,45.0,Gypsophila crassa,Gypsophila crassa,0.9452,359898_source0.wav
45.0,48.0,Gypsophila crassa,Gypsophila crassa,0.9863,359898_source0.wav
48.0,51.0,Gypsophila crassa,Gypsophila crassa,0.9923,359898_source0.wav
51.0,54.0,Gypsophila crassa,Gypsophila crassa,0.8758,359898_source0.wav
54.0,57.0,Gypsophila crassa,Gypsophila crassa,0.9880,359898_source0.wav
57.0,60.0,Gypsophila crassa,Gypsophila crassa,0.9880,359898_source0.wav
57.0,60.0,Ficedula narcissina,Narcissus Flycatcher,0.3416,359898_source0.wav
60.0,63.0,Gypsophila crassa,Gypsophila crassa,0.9564,359898_source0.wav
63.0,66.0,Gypsophila crassa,Gypsophila crassa,0.9363,359898_source0.wav
66.0,69.0,Gypsophila crassa,Gypsophila crassa,0.9760,359898_source0.wav
69.0,72.0,Gypsophila crassa,Gypsophila crassa,0.9728,359898_source0.wav
72.0,75.0,Gypsophila crassa,Gypsophila crassa,0.5088,359898_source0.wav
75.0,78.0,Gypsophila crassa,Gypsophila crassa,0.9744,359898_source0.wav
78.0,81.0,Gypsophila crassa,Gypsophila crassa,0.9058,359898_source0.wav
81.0,84.0,Gypsophila crassa,Gypsophila crassa,0.9894,359898_source0.wav
84.0,87.0,Gypsophila crassa,Gypsophila crassa,0.9710,359898_source0.wav
87.0,90.0,Gypsophila crassa,Gypsophila crassa,0.9646,359898_source0.wav
90.0,93.0,Gypsophila crassa,Gypsophila crassa,0.9797,359898_source0.wav
93.0,96.0,Gypsophila crassa,Gypsophila crassa,0.9675,359898_source0.wav
96.0,99.0,Gypsophila crassa,Gypsophila crassa,0.8973,359898_source0.wav
99.0,102.0,Gypsophila crassa,Gypsophila crassa,0.9652,359898_source0.wav
99.0,102.0,Cercotrichas leucophrys,Red-backed Scrub-Robin,0.3680,359898_source0.wav
102.0,105.0,Gypsophila crassa,Gypsophila crassa,0.9894,359898_source0.wav
105.0,108.0,Gypsophila crassa,Gypsophila crassa,0.9858,359898_source0.wav
108.0,111.0,Gypsophila crassa,Gypsophila crassa,0.9249,359898_source0.wav
111.0,114.0,Gypsophila crassa,Gypsophila crassa,0.9804,359898_source0.wav
114.0,117.0,Gypsophila crassa,Gypsophila crassa,0.9962,359898_source0.wav
117.0,120.0,Gypsophila crassa,Gypsophila crassa,0.9842,359898_source0.wav
120.0,123.0,Gypsophila crassa,Gypsophila crassa,0.9856,359898_source0.wav
123.0,126.0,Gypsophila crassa,Gypsophila crassa,0.9798,359898_source0.wav
126.0,128.08,Phyllergates cucullatus,Mountain Tailorbird,0.8608,359898_source0.wav
126.0,128.08,Phyllergates cucullatus,Phyllergates cucullatus,0.3849,359898_source0.wav
126.0,128.08,Myiomela leucura,White-tailed Robin,0.2595,359898_source0.wav
6.0,9.0,Cochlearius cochlearius,Boat-billed Heron,0.2568,366137_source0.wav
12.0,15.0,Polyplectron malacense,Polyplectron malacense,0.3572,366137_source0.wav
15.0,18.0,Ortalis guttata,Speckled Chachalaca,0.5560,366137_source0.wav
27.0,30.0,Anodorhynchus hyacinthinus,Hyacinth Macaw,0.2880,366137_source0.wav
75.0,78.0,Ara ararauna,Blue-and-yellow Macaw,0.2687,366137_source0.wav
84.0,87.0,Cochlearius cochlearius,Boat-billed Heron,0.2727,366137_source0.wav
99.0,102.0,Ibycter americanus,Red-throated Caracara,0.4675,366137_source0.wav
108.0,111.0,Cochlearius cochlearius,Boat-billed Heron,0.3757,366137_source0.wav
3.0,6.0,Rollulus rouloul,Crested Partridge,0.6074,368647_source0.wav
3.0,6.0,Rollulus rouloul,Rollulus rouloul,0.3229,368647_source0.wav
6.0,9.0,Grallaria rufocinerea,Bicolored Antpitta,0.6391,368647_source0.wav
0.0,3.0,Gypsophila crassa,Gypsophila crassa,0.6185,380658_source0.wav
3.0,6.0,Gypsophila crassa,Gypsophila crassa,0.5050,380658_source0.wav
6.0,9.0,Gypsophila crassa,Gypsophila crassa,0.4090,380658_source0.wav
9.0,12.0,Gypsophila crassa,Gypsophila crassa,0.7074,380658_source0.wav
12.0,15.0,Gypsophila crassa,Gypsophila crassa,0.8400,380658_source0.wav
15.0,18.0,Gypsophila crassa,Gypsophila crassa,0.5134,380658_source0.wav
18.0,21.0,Gypsophila crassa,Gypsophila crassa,0.5499,380658_source0.wav
21.0,24.0,Gypsophila crassa,Gypsophila crassa,0.5409,380658_source0.wav
0.0,3.0,Stachyris maculata,Stachyris maculata,0.3456,382523_source0.wav
3.0,6.0,Pomatorhinus montanus,Chestnut-backed Scimitar-Babbler,0.3719,382523_source0.wav
3.0,6.0,Pomatorhinus bornensis,Pomatorhinus bornensis,0.3380,382523_source0.wav
3.0,6.0,Cyphorhinus phaeocephalus,Song Wren,0.2950,382523_source0.wav
15.0,18.0,Monasa nigrifrons,Black-fronted Nunbird,0.8122,382523_source0.wav
15.0,18.0,Mulleripicus pulverulentus,Mulleripicus pulverulentus,0.2755,382523_source0.wav
18.0,20.12,Monasa nigrifrons,Black-fronted Nunbird,0.3826,382523_source0.wav
0.0,3.0,Calyptomena whiteheadi,Whitehead's Broadbill,0.9690,398448_source0.wav
0.0,3.0,Calyptomena whiteheadi,Calyptomena whiteheadi,0.9385,398448_source0.wav
0.0,3.0,Blythipicus rubiginosus,Blythipicus rubiginosus,0.2671,398448_source0.wav
6.0,9.0,Calyptomena whiteheadi,Whitehead's Broadbill,0.9684,398448_source0.wav
6.0,9.0,Calyptomena whiteheadi,Calyptomena whiteheadi,0.9344,398448_source0.wav
6.0,9.0,Dryocopus lineatus,Lineated Woodpecker,0.2711,398448_source0.wav
12.0,15.0,Calyptomena whiteheadi,Whitehead's Broadbill,0.9924,398448_source0.wav
12.0,15.0,Calyptomena whiteheadi,Calyptomena whiteheadi,0.9823,398448_source0.wav
15.0,18.0,Calyptomena whiteheadi,Whitehead's Broadbill,0.9641,398448_source0.wav
15.0,18.0,Calyptomena whiteheadi,Calyptomena whiteheadi,0.9422,398448_source0.wav
18.0,21.0,Calyptomena whiteheadi,Calyptomena whiteheadi,0.8224,398448_source0.wav
18.0,21.0,Calyptomena whiteheadi,Whitehead's Broadbill,0.8036,398448_source0.wav
21.0,24.0,Calyptomena whiteheadi,Calyptomena whiteheadi,0.9876,398448_source0.wav
21.0,24.0,Calyptomena whiteheadi,Whitehead's Broadbill,0.9594,398448_source0.wav
24.0,27.0,Calyptomena whiteheadi,Whitehead's Broadbill,0.8690,398448_source0.wav
24.0,27.0,Calyptomena whiteheadi,Calyptomena whiteheadi,0.8379,398448_source0.wav
30.0,33.0,Calyptomena whiteheadi,Whitehead's Broadbill,0.9861,398448_source0.wav
30.0,33.0,Calyptomena whiteheadi,Calyptomena whiteheadi,0.9750,398448_source0.wav
33.0,36.0,Calyptomena whiteheadi,Calyptomena whiteheadi,0.8779,398448_source0.wav
33.0,36.0,Calyptomena whiteheadi,Whitehead's Broadbill,0.8252,398448_source0.wav
39.0,42.0,Calyptomena whiteheadi,Calyptomena whiteheadi,0.8039,398448_source0.wav
39.0,42.0,Calyptomena whiteheadi,Whitehead's Broadbill,0.7050,398448_source0.wav
54.0,57.0,Blythipicus pyrrhotis,Bay Woodpecker,0.4447,398448_source0.wav
54.0,57.0,Gecinulus grantia,Pale-headed Woodpecker,0.3755,398448_source0.wav
3.0,6.0,Strix leptogrammica,Strix leptogrammica,0.4345,409890_source1.wav
9.0,12.0,Strix leptogrammica,Strix leptogrammica,0.3056,409890_source1.wav
12.0,15.0,Strix leptogrammica,Strix leptogrammica,0.3939,409890_source1.wav
15.0,18.0,Strix leptogrammica,Strix leptogrammica,0.3188,409890_source1.wav
24.0,27.0,Strix leptogrammica,Strix leptogrammica,0.2726,409890_source1.wav
30.0,33.0,Strix leptogrammica,Strix leptogrammica,0.2771,409890_source1.wav
33.0,36.0,Strix leptogrammica,Strix leptogrammica,0.3585,409890_source1.wav
36.0,39.0,Ninox sumbaensis,Ninox sumbaensis,0.3105,409890_source1.wav
39.0,42.0,Strix leptogrammica,Strix leptogrammica,0.3235,409890_source1.wav
39.0,42.0,Ninox sumbaensis,Ninox sumbaensis,0.2902,409890_source1.wav
42.0,45.0,Strix leptogrammica,Strix leptogrammica,0.3069,409890_source1.wav
42.0,45.0,Ninox sumbaensis,Ninox sumbaensis,0.2702,409890_source1.wav
0.0,3.0,Mulleripicus pulverulentus,Great Slaty Woodpecker,0.9997,413817_source0.wav
0.0,3.0,Mulleripicus pulverulentus,Mulleripicus pulverulentus,0.9855,413817_source0.wav
3.0,6.0,Mulleripicus pulverulentus,Great Slaty Woodpecker,0.9996,413817_source0.wav
3.0,6.0,Mulleripicus pulverulentus,Mulleripicus pulverulentus,0.9863,413817_source0.wav
6.0,9.0,Mulleripicus pulverulentus,Great Slaty Woodpecker,0.9989,413817_source0.wav
6.0,9.0,Mulleripicus pulverulentus,Mulleripicus pulverulentus,0.9569,413817_source0.wav
9.0,12.0,Mulleripicus pulverulentus,Great Slaty Woodpecker,0.9996,413817_source0.wav
9.0,12.0,Mulleripicus pulverulentus,Mulleripicus pulverulentus,0.9920,413817_source0.wav
12.0,15.0,Mulleripicus pulverulentus,Great Slaty Woodpecker,0.9992,413817_source0.wav
12.0,15.0,Mulleripicus pulverulentus,Mulleripicus pulverulentus,0.9762,413817_source0.wav
15.0,18.0,Mulleripicus pulverulentus,Great Slaty Woodpecker,0.9997,413817_source0.wav
15.0,18.0,Mulleripicus pulverulentus,Mulleripicus pulverulentus,0.9838,413817_source0.wav
18.0,21.0,Mulleripicus pulverulentus,Great Slaty Woodpecker,0.9998,413817_source0.wav
18.0,21.0,Mulleripicus pulverulentus,Mulleripicus pulverulentus,0.9687,413817_source0.wav
21.0,24.0,Mulleripicus pulverulentus,Great Slaty Woodpecker,0.9999,413817_source0.wav
21.0,24.0,Mulleripicus pulverulentus,Mulleripicus pulverulentus,0.9909,413817_source0.wav
24.0,27.0,Mulleripicus pulverulentus,Great Slaty Woodpecker,0.9996,413817_source0.wav
24.0,27.0,Mulleripicus pulverulentus,Mulleripicus pulverulentus,0.9851,413817_source0.wav
27.0,30.0,Mulleripicus pulverulentus,Great Slaty Woodpecker,0.9999,413817_source0.wav
27.0,30.0,Mulleripicus pulverulentus,Mulleripicus pulverulentus,0.9863,413817_source0.wav
30.0,33.0,Mulleripicus pulverulentus,Great Slaty Woodpecker,0.9868,413817_source0.wav
30.0,33.0,Mulleripicus pulverulentus,Mulleripicus pulverulentus,0.9524,413817_source0.wav
33.0,36.0,Mulleripicus pulverulentus,Great Slaty Woodpecker,0.9992,413817_source0.wav
33.0,36.0,Mulleripicus pulverulentus,Mulleripicus pulverulentus,0.9839,413817_source0.wav
36.0,39.0,Mulleripicus pulverulentus,Great Slaty Woodpecker,0.9998,413817_source0.wav
36.0,39.0,Mulleripicus pulverulentus,Mulleripicus pulverulentus,0.9901,413817_source0.wav
39.0,42.0,Mulleripicus pulverulentus,Great Slaty Woodpecker,1.0000,413817_source0.wav
39.0,42.0,Mulleripicus pulverulentus,Mulleripicus pulverulentus,0.9956,413817_source0.wav
42.0,45.0,Mulleripicus pulverulentus,Great Slaty Woodpecker,0.9965,413817_source0.wav
42.0,45.0,Mulleripicus pulverulentus,Mulleripicus pulverulentus,0.9644,413817_source0.wav
45.0,48.0,Mulleripicus pulverulentus,Great Slaty Woodpecker,0.9999,413817_source0.wav
45.0,48.0,Mulleripicus pulverulentus,Mulleripicus pulverulentus,0.9889,413817_source0.wav
48.0,51.0,Mulleripicus pulverulentus,Great Slaty Woodpecker,0.9968,413817_source0.wav
48.0,51.0,Mulleripicus pulverulentus,Mulleripicus pulverulentus,0.9523,413817_source0.wav
51.0,54.0,Mulleripicus pulverulentus,Great Slaty Woodpecker,0.9998,413817_source0.wav
51.0,54.0,Mulleripicus pulverulentus,Mulleripicus pulverulentus,0.9910,413817_source0.wav
54.0,57.0,Mulleripicus pulverulentus,Great Slaty Woodpecker,0.9999,413817_source0.wav
54.0,57.0,Mulleripicus pulverulentus,Mulleripicus pulverulentus,0.9894,413817_source0.wav
57.0,60.0,Mulleripicus pulverulentus,Great Slaty Woodpecker,0.9996,413817_source0.wav
57.0,60.0,Mulleripicus pulverulentus,Mulleripicus pulverulentus,0.9795,413817_source0.wav
60.0,63.0,Mulleripicus pulverulentus,Great Slaty Woodpecker,0.9999,413817_source0.wav
60.0,63.0,Mulleripicus pulverulentus,Mulleripicus pulverulentus,0.9840,413817_source0.wav
63.0,66.0,Mulleripicus pulverulentus,Great Slaty Woodpecker,1.0000,413817_source0.wav
63.0,66.0,Mulleripicus pulverulentus,Mulleripicus pulverulentus,0.9933,413817_source0.wav
66.0,69.0,Mulleripicus pulverulentus,Great Slaty Woodpecker,0.9852,413817_source0.wav
66.0,69.0,Mulleripicus pulverulentus,Mulleripicus pulverulentus,0.9219,413817_source0.wav
69.0,71.75,Mulleripicus pulverulentus,Great Slaty Woodpecker,0.9998,413817_source0.wav
69.0,71.75,Mulleripicus pulverulentus,Mulleripicus pulverulentus,0.9722,413817_source0.wav
9.0,12.0,Copsychus stricklandii,Copsychus stricklandii,0.2844,422390_source1.wav
0.0,3.0,Anthracoceros malayanus,Black Hornbill,0.7019,423570_source0.wav
0.0,3.0,Anodorhynchus hyacinthinus,Hyacinth Macaw,0.5917,423570_source0.wav
0.0,3.0,Anthracoceros malayanus,Anthracoceros malayanus,0.5268,423570_source0.wav
3.0,6.0,Anthracoceros malayanus,Anthracoceros malayanus,0.5218,423570_source0.wav
3.0,6.0,Anthracoceros malayanus,Black Hornbill,0.5200,423570_source0.wav
3.0,6.0,Pucrasia macrolopha,Koklass Pheasant,0.3115,423570_source0.wav
27.0,30.0,Anthracoceros malayanus,Black Hornbill,0.9969,423570_source0.wav
27.0,30.0,Anthracoceros malayanus,Anthracoceros malayanus,0.9866,423570_source0.wav
27.0,30.0,Anodorhynchus hyacinthinus,Hyacinth Macaw,0.5996,423570_source0.wav
30.0,33.0,Anthracoceros malayanus,Black Hornbill,0.9918,423570_source0.wav
30.0,33.0,Anthracoceros malayanus,Anthracoceros malayanus,0.9534,423570_source0.wav
30.0,33.0,Anodorhynchus hyacinthinus,Hyacinth Macaw,0.3331,423570_source0.wav
33.0,36.0,Anthracoceros malayanus,Black Hornbill,0.8463,423570_source0.wav
33.0,36.0,Anthracoceros malayanus,Anthracoceros malayanus,0.6714,423570_source0.wav
33.0,36.0,Pucrasia macrolopha,Koklass Pheasant,0.5864,423570_source0.wav
33.0,36.0,Anodorhynchus hyacinthinus,Hyacinth Macaw,0.5547,423570_source0.wav
33.0,36.0,Corvus enca,Corvus enca,0.2591,423570_source0.wav
36.0,39.0,Anthracoceros malayanus,Anthracoceros malayanus,0.4333,423570_source0.wav
36.0,39.0,Anthracoceros malayanus,Black Hornbill,0.2797,423570_source0.wav
63.0,66.0,Ibycter americanus,Red-throated Caracara,0.7984,423570_source0.wav
66.0,69.0,Anthracoceros malayanus,Black Hornbill,0.9897,423570_source0.wav
66.0,69.0,Anthracoceros malayanus,Anthracoceros malayanus,0.9868,423570_source0.wav
66.0,69.0,Anodorhynchus hyacinthinus,Hyacinth Macaw,0.5942,423570_source0.wav
69.0,72.0,Anthracoceros malayanus,Anthracoceros malayanus,0.9231,423570_source0.wav
69.0,72.0,Anthracoceros malayanus,Black Hornbill,0.8023,423570_source0.wav
72.0,75.0,Anthracoceros malayanus,Black Hornbill,0.7692,423570_source0.wav
72.0,75.0,Anodorhynchus hyacinthinus,Hyacinth Macaw,0.7593,423570_source0.wav
72.0,75.0,Anthracoceros malayanus,Anthracoceros malayanus,0.6794,423570_source0.wav
0.0,3.0,Haematortyx sanguiniceps,Crimson-headed Partridge,0.9998,424915_source0.wav
0.0,3.0,Haematortyx sanguiniceps,Haematortyx sanguiniceps,0.9950,424915_source0.wav
3.0,6.0,Haematortyx sanguiniceps,Crimson-headed Partridge,1.0000,424915_source0.wav
3.0,6.0,Haematortyx sanguiniceps,Haematortyx sanguiniceps,0.9956,424915_source0.wav
6.0,9.0,Haematortyx sanguiniceps,Crimson-headed Partridge,1.0000,424915_source0.wav
6.0,9.0,Haematortyx sanguiniceps,Haematortyx sanguiniceps,0.9969,424915_source0.wav
9.0,12.0,Haematortyx sanguiniceps,Crimson-headed Partridge,1.0000,424915_source0.wav
9.0,12.0,Haematortyx sanguiniceps,Haematortyx sanguiniceps,0.9861,424915_source0.wav
12.0,15.0,Haematortyx sanguiniceps,Crimson-headed Partridge,0.9998,424915_source0.wav
12.0,15.0,Haematortyx sanguiniceps,Haematortyx sanguiniceps,0.9563,424915_source0.wav
15.0,18.0,Haematortyx sanguiniceps,Crimson-headed Partridge,0.9321,424915_source0.wav
3.0,6.0,Halcyon coromanda,Halcyon coromanda,0.6833,503173_source0.wav
3.0,6.0,Halcyon coromanda,Ruddy Kingfisher,0.4480,503173_source0.wav
3.0,6.0,Arborophila atrogularis,White-cheeked Partridge,0.3226,503173_source0.wav
9.0,12.0,Copsychus malabaricus,White-rumped Shama,0.5481,503173_source0.wav
9.0,12.0,Copsychus stricklandii,Copsychus stricklandii,0.4552,503173_source0.wav
15.0,18.0,Turdinus atrigularis,Turdinus atrigularis,0.4363,503173_source0.wav
63.0,66.0,Cercomacra manu,Manu Antbird,0.3364,503173_source0.wav
0.0,3.0,Mulleripicus pulverulentus,Great Slaty Woodpecker,0.9997,505539_source0.wav
0.0,3.0,Mulleripicus pulverulentus,Mulleripicus pulverulentus,0.8865,505539_source0.wav
3.0,6.0,Mulleripicus pulverulentus,Great Slaty Woodpecker,1.0000,505539_source0.wav
3.0,6.0,Mulleripicus pulverulentus,Mulleripicus pulverulentus,0.9955,505539_source0.wav
6.0,9.0,Mulleripicus pulverulentus,Great Slaty Woodpecker,1.0000,505539_source0.wav
6.0,9.0,Mulleripicus pulverulentus,Mulleripicus pulverulentus,0.9689,505539_source0.wav
9.0,12.0,Mulleripicus pulverulentus,Great Slaty Woodpecker,0.9988,505539_source0.wav
9.0,12.0,Mulleripicus pulverulentus,Mulleripicus pulverulentus,0.8042,505539_source0.wav
12.0,15.0,Mulleripicus pulverulentus,Great Slaty Woodpecker,0.9997,505539_source0.wav
12.0,15.0,Mulleripicus pulverulentus,Mulleripicus pulverulentus,0.8838,505539_source0.wav
15.0,18.0,Mulleripicus pulverulentus,Great Slaty Woodpecker,1.0000,505539_source0.wav
15.0,18.0,Mulleripicus pulverulentus,Mulleripicus pulverulentus,0.9966,505539_source0.wav
18.0,21.0,Mulleripicus pulverulentus,Great Slaty Woodpecker,1.0000,505539_source0.wav
18.0,21.0,Mulleripicus pulverulentus,Mulleripicus pulverulentus,0.9624,505539_source0.wav
21.0,24.0,Mulleripicus pulverulentus,Great Slaty Woodpecker,1.0000,505539_source0.wav
21.0,24.0,Mulleripicus pulverulentus,Mulleripicus pulverulentus,0.9868,505539_source0.wav
24.0,27.0,Mulleripicus pulverulentus,Great Slaty Woodpecker,0.9993,505539_source0.wav
24.0,27.0,Mulleripicus pulverulentus,Mulleripicus pulverulentus,0.7730,505539_source0.wav
27.0,30.0,Mulleripicus pulverulentus,Great Slaty Woodpecker,1.0000,505539_source0.wav
27.0,30.0,Mulleripicus pulverulentus,Mulleripicus pulverulentus,0.9831,505539_source0.wav
30.0,33.0,Mulleripicus pulverulentus,Great Slaty Woodpecker,0.9967,505539_source0.wav
30.0,33.0,Mulleripicus pulverulentus,Mulleripicus pulverulentus,0.4851,505539_source0.wav
30.0,33.0,Corvus nasicus,Cuban Crow,0.2927,505539_source0.wav
33.0,36.0,Mulleripicus pulverulentus,Great Slaty Woodpecker,1.0000,505539_source0.wav
33.0,36.0,Mulleripicus pulverulentus,Mulleripicus pulverulentus,0.9767,505539_source0.wav
36.0,39.0,Mulleripicus pulverulentus,Great Slaty Woodpecker,1.0000,505539_source0.wav
36.0,39.0,Mulleripicus pulverulentus,Mulleripicus pulverulentus,0.9853,505539_source0.wav
39.0,42.0,Mulleripicus pulverulentus,Great Slaty Woodpecker,1.0000,505539_source0.wav
39.0,42.0,Mulleripicus pulverulentus,Mulleripicus pulverulentus,0.9772,505539_source0.wav
42.0,45.0,Mulleripicus pulverulentus,Great Slaty Woodpecker,1.0000,505539_source0.wav
42.0,45.0,Mulleripicus pulverulentus,Mulleripicus pulverulentus,0.9908,505539_source0.wav
48.0,51.0,Mulleripicus pulverulentus,Great Slaty Woodpecker,0.9998,505539_source0.wav
48.0,51.0,Mulleripicus pulverulentus,Mulleripicus pulverulentus,0.9470,505539_source0.wav
51.0,54.0,Mulleripicus pulverulentus,Great Slaty Woodpecker,1.0000,505539_source0.wav
51.0,54.0,Mulleripicus pulverulentus,Mulleripicus pulverulentus,0.9969,505539_source0.wav
60.0,63.0,Mulleripicus pulverulentus,Great Slaty Woodpecker,1.0000,505539_source0.wav
60.0,63.0,Mulleripicus pulverulentus,Mulleripicus pulverulentus,0.9949,505539_source0.wav
63.0,66.0,Mulleripicus pulverulentus,Great Slaty Woodpecker,1.0000,505539_source0.wav
63.0,66.0,Mulleripicus pulverulentus,Mulleripicus pulverulentus,0.9902,505539_source0.wav
66.0,69.0,Mulleripicus pulverulentus,Great Slaty Woodpecker,0.6239,505539_source0.wav
66.0,69.0,Philemon corniculatus,Noisy Friarbird,0.4444,505539_source0.wav
66.0,69.0,Mulleripicus pulverulentus,Mulleripicus pulverulentus,0.2581,505539_source0.wav
69.0,72.0,Mulleripicus pulverulentus,Great Slaty Woodpecker,0.9997,505539_source0.wav
69.0,72.0,Mulleripicus pulverulentus,Mulleripicus pulverulentus,0.8738,505539_source0.wav
72.0,75.0,Mulleripicus pulverulentus,Great Slaty Woodpecker,1.0000,505539_source0.wav
72.0,75.0,Mulleripicus pulverulentus,Mulleripicus pulverulentus,0.9808,505539_source0.wav
75.0,78.0,Mulleripicus pulverulentus,Great Slaty Woodpecker,0.9997,505539_source0.wav
75.0,78.0,Mulleripicus pulverulentus,Mulleripicus pulverulentus,0.9350,505539_source0.wav
78.0,81.0,Mulleripicus pulverulentus,Great Slaty Woodpecker,1.0000,505539_source0.wav
78.0,81.0,Mulleripicus pulverulentus,Mulleripicus pulverulentus,0.9761,505539_source0.wav
81.0,84.0,Mulleripicus pulverulentus,Great Slaty Woodpecker,1.0000,505539_source0.wav
81.0,84.0,Mulleripicus pulverulentus,Mulleripicus pulverulentus,0.9855,505539_source0.wav
84.0,86.29,Mulleripicus pulverulentus,Great Slaty Woodpecker,0.7594,505539_source0.wav
84.0,86.29,Amazona rhodocorytha,Red-browed Parrot,0.5665,505539_source0.wav
84.0,86.29,Mulleripicus pulverulentus,Mulleripicus pulverulentus,0.4795,505539_source0.wav
0.0,3.0,Hydrornis baudii,Blue-headed Pitta,0.9949,520255_source0.wav
0.0,3.0,Hydrornis baudii,Hydrornis baudii,0.8238,520255_source0.wav
3.0,6.0,Hydrornis baudii,Blue-headed Pitta,0.9985,520255_source0.wav
3.0,6.0,Hydrornis baudii,Hydrornis baudii,0.8231,520255_source0.wav
6.0,9.0,Hydrornis baudii,Blue-headed Pitta,0.9907,520255_source0.wav
6.0,9.0,Hydrornis baudii,Hydrornis baudii,0.6467,520255_source0.wav
12.0,15.0,Hydrornis baudii,Blue-headed Pitta,0.9964,520255_source0.wav
12.0,15.0,Hydrornis baudii,Hydrornis baudii,0.6561,520255_source0.wav
15.0,18.0,Hydrornis baudii,Blue-headed Pitta,0.9461,520255_source0.wav
15.0,18.0,Hydrornis baudii,Hydrornis baudii,0.4737,520255_source0.wav
21.0,23.43,Hydrornis baudii,Blue-headed Pitta,0.9866,520255_source0.wav
21.0,23.43,Hydrornis baudii,Hydrornis baudii,0.6324,520255_source0.wav
0.0,3.0,Calyptomena whiteheadi,Whitehead's Broadbill,0.9874,520514_source0.wav
0.0,3.0,Calyptomena whiteheadi,Calyptomena whiteheadi,0.9304,520514_source0.wav
3.0,6.0,Calyptomena whiteheadi,Calyptomena whiteheadi,0.9498,520514_source0.wav
3.0,6.0,Calyptomena whiteheadi,Whitehead's Broadbill,0.9090,520514_source0.wav
9.0,12.0,Calyptomena whiteheadi,Whitehead's Broadbill,0.9358,520514_source0.wav
9.0,12.0,Calyptomena whiteheadi,Calyptomena whiteheadi,0.7893,520514_source0.wav
12.0,15.0,Calyptomena whiteheadi,Whitehead's Broadbill,0.9819,520514_source0.wav
12.0,15.0,Calyptomena whiteheadi,Calyptomena whiteheadi,0.9184,520514_source0.wav
21.0,24.0,Calyptomena whiteheadi,Calyptomena whiteheadi,0.5830,520514_source0.wav
21.0,24.0,Calyptomena whiteheadi,Whitehead's Broadbill,0.2888,520514_source0.wav
24.0,27.0,Calyptomena whiteheadi,Whitehead's Broadbill,0.9949,520514_source0.wav
24.0,27.0,Calyptomena whiteheadi,Calyptomena whiteheadi,0.9685,520514_source0.wav
33.0,36.0,Calyptomena whiteheadi,Calyptomena whiteheadi,0.7975,520514_source0.wav
33.0,36.0,Calyptomena whiteheadi,Whitehead's Broadbill,0.5450,520514_source0.wav
36.0,39.0,Calyptomena whiteheadi,Whitehead's Broadbill,0.9860,520514_source0.wav
36.0,39.0,Calyptomena whiteheadi,Calyptomena whiteheadi,0.8673,520514_source0.wav
39.0,41.72,Calyptomena whiteheadi,Calyptomena whiteheadi,0.2503,520514_source0.wav
0.0,3.0,Syndactyla rufosuperciliata,Buff-browed Foliage-gleaner,0.4844,523387_source1.wav
0.0,3.0,Meiglyptes tristis,Meiglyptes tristis,0.4734,523387_source1.wav
0.0,3.0,Yungipicus nanus,Brown-capped Pygmy Woodpecker,0.2891,523387_source1.wav
3.0,6.0,Meiglyptes tristis,Buff-rumped Woodpecker,0.4918,523387_source1.wav
3.0,6.0,Meiglyptes tristis,Meiglyptes tristis,0.4002,523387_source1.wav
9.0,12.0,Ptyonoprogne concolor,Dusky Crag-Martin,0.4604,523387_source1.wav
9.0,12.0,Dicaeum agile,Thick-billed Flowerpecker,0.3191,523387_source1.wav
12.0,15.0,Meiglyptes tristis,Meiglyptes tristis,0.5336,523387_source1.wav
12.0,15.0,Meiglyptes tristis,Buff-rumped Woodpecker,0.2514,523387_source1.wav
21.0,24.0,Hemicircus concretus,Gray-and-buff Woodpecker,0.5227,523387_source1.wav
21.0,24.0,Meiglyptes tristis,Buff-rumped Woodpecker,0.4093,523387_source1.wav
30.0,33.0,Yungipicus canicapillus,Gray-capped Pygmy Woodpecker,0.4827,523387_source1.wav
33.0,36.0,Meiglyptes tristis,Meiglyptes tristis,0.8904,523387_source1.wav
33.0,36.0,Meiglyptes tristis,Buff-rumped Woodpecker,0.7762,523387_source1.wav
33.0,36.0,Gypsophila brevicaudata,Streaked Wren-Babbler,0.3542,523387_source1.wav
0.0,3.0,Ficedula hyperythra,Snowy-browed Flycatcher,0.5997,534806_source0.wav
3.0,6.0,Ficedula hyperythra,Snowy-browed Flycatcher,0.4182,534806_source0.wav
3.0,6.0,Ficedula dumetoria,Ficedula dumetoria,0.3063,534806_source0.wav
6.0,9.0,Ficedula hyperythra,Snowy-browed Flycatcher,0.5094,534806_source0.wav
15.0,18.0,Enicurus schistaceus,Slaty-backed Forktail,0.6534,534806_source0.wav
21.0,24.0,Ficedula hyperythra,Snowy-browed Flycatcher,0.3690,534806_source0.wav
24.0,27.0,Phyllergates cucullatus,Phyllergates cucullatus,0.4188,534806_source0.wav
24.0,27.0,Phyllergates cucullatus,Mountain Tailorbird,0.3774,534806_source0.wav
27.0,30.0,Ficedula hyperythra,Snowy-browed Flycatcher,0.4514,534806_source0.wav
30.0,33.0,Phyllergates cucullatus,Phyllergates cucullatus,0.3485,534806_source0.wav
33.0,36.0,Ficedula hyperythra,Snowy-browed Flycatcher,0.3004,534806_source0.wav
39.0,42.0,Ficedula hyperythra,Snowy-browed Flycatcher,0.6218,534806_source0.wav
42.0,45.0,Ficedula dumetoria,Ficedula dumetoria,0.2713,534806_source0.wav
45.0,48.0,Phyllergates cucullatus,Phyllergates cucullatus,0.6574,534806_source0.wav
45.0,48.0,Phyllergates cucullatus,Mountain Tailorbird,0.5219,534806_source0.wav
48.0,49.68,Ficedula hyperythra,Snowy-browed Flycatcher,0.3917,534806_source0.wav
48.0,49.68,Aethopyga temminckii,Temminck's Sunbird,0.3079,534806_source0.wav
3.0,6.0,Pterorhinus treacheri,Pterorhinus treacheri,0.6461,561634_source0.wav
6.0,9.0,Pterorhinus treacheri,Pterorhinus treacheri,0.8839,561634_source0.wav
9.0,12.0,Pterorhinus treacheri,Pterorhinus treacheri,0.9642,561634_source0.wav
9.0,12.0,Cossypha semirufa,Rüppell's Robin-Chat,0.5083,561634_source0.wav
9.0,12.0,Pterorhinus treacheri,Chestnut-hooded Laughingthrush,0.2593,561634_source0.wav
12.0,15.0,Pterorhinus treacheri,Pterorhinus treacheri,0.3381,561634_source0.wav
15.0,18.0,Copsychus pyrropygus,Copsychus pyrropygus,0.3716,561634_source0.wav
15.0,18.0,Pterorhinus treacheri,Pterorhinus treacheri,0.3553,561634_source0.wav
15.0,18.0,Oriolus xanthonotus,Oriolus xanthonotus,0.2505,561634_source0.wav
18.0,21.0,Pterorhinus treacheri,Pterorhinus treacheri,0.6878,561634_source0.wav
21.0,24.0,Pterorhinus treacheri,Pterorhinus treacheri,0.6581,561634_source0.wav
24.0,27.0,Pterorhinus treacheri,Pterorhinus treacheri,0.6134,561634_source0.wav
30.0,33.0,Pterorhinus treacheri,Pterorhinus treacheri,0.6559,561634_source0.wav
33.0,36.0,Pterorhinus treacheri,Pterorhinus treacheri,0.9582,561634_source0.wav
36.0,39.0,Pterorhinus treacheri,Pterorhinus treacheri,0.7953,561634_source0.wav
36.0,39.0,Cossypha semirufa,Rüppell's Robin-Chat,0.5051,561634_source0.wav
39.0,42.0,Pterorhinus treacheri,Pterorhinus treacheri,0.8971,561634_source0.wav
42.0,45.0,Pterorhinus treacheri,Pterorhinus treacheri,0.4330,561634_source0.wav
45.0,48.0,Pterorhinus treacheri,Pterorhinus treacheri,0.8588,561634_source0.wav
48.0,51.0,Pterorhinus treacheri,Pterorhinus treacheri,0.3024,561634_source0.wav
51.0,54.0,Pterorhinus treacheri,Pterorhinus treacheri,0.5033,561634_source0.wav
51.0,54.0,Telophorus olivaceus,Olive Bushshrike,0.4977,561634_source0.wav
54.0,57.0,Xiphorhynchus guttatus,Buff-throated Woodcreeper,0.4040,561634_source0.wav
60.0,63.0,Pterorhinus treacheri,Pterorhinus treacheri,0.8551,561634_source0.wav
60.0,63.0,Pterorhinus treacheri,Chestnut-hooded Laughingthrush,0.4789,561634_source0.wav
63.0,66.0,Telophorus olivaceus,Olive Bushshrike,0.4478,561634_source0.wav
63.0,66.0,Pterorhinus treacheri,Pterorhinus treacheri,0.3819,561634_source0.wav
66.0,69.0,Pterorhinus treacheri,Pterorhinus treacheri,0.3280,561634_source0.wav
69.0,72.0,Pterorhinus treacheri,Pterorhinus treacheri,0.6409,561634_source0.wav
72.0,75.0,Pterorhinus treacheri,Pterorhinus treacheri,0.7150,561634_source0.wav
0.0,3.0,Turdinus atrigularis,Black-throated Wren-Babbler,0.9913,578789_source0.wav
0.0,3.0,Turdinus atrigularis,Turdinus atrigularis,0.7911,578789_source0.wav
0.0,3.0,Turdinus macrodactylus,Turdinus macrodactylus,0.3451,578789_source0.wav
0.0,3.0,Human whistle,Human whistle,0.3254,578789_source0.wav
3.0,6.0,Turdinus atrigularis,Black-throated Wren-Babbler,0.9880,578789_source0.wav
3.0,6.0,Turdinus atrigularis,Turdinus atrigularis,0.4237,578789_source0.wav
3.0,6.0,Myophonus horsfieldii,Malabar Whistling-Thrush,0.3275,578789_source0.wav
9.0,12.0,Turdinus atrigularis,Black-throated Wren-Babbler,0.9937,578789_source0.wav
9.0,12.0,Turdinus atrigularis,Turdinus atrigularis,0.8217,578789_source0.wav
9.0,12.0,Turdinus macrodactylus,Turdinus macrodactylus,0.2942,578789_source0.wav
12.0,15.0,Turdinus atrigularis,Black-throated Wren-Babbler,0.9933,578789_source0.wav
12.0,15.0,Turdinus atrigularis,Turdinus atrigularis,0.4177,578789_source0.wav
12.0,15.0,Myophonus horsfieldii,Malabar Whistling-Thrush,0.2639,578789_source0.wav
15.0,18.0,Psilopogon duvaucelii,Blue-eared Barbet,0.2943,578789_source0.wav
18.0,21.0,Turdinus atrigularis,Black-throated Wren-Babbler,0.9977,578789_source0.wav
18.0,21.0,Turdinus atrigularis,Turdinus atrigularis,0.9063,578789_source0.wav
27.0,30.0,Turdinus atrigularis,Black-throated Wren-Babbler,0.9976,578789_source0.wav
27.0,30.0,Turdinus atrigularis,Turdinus atrigularis,0.9067,578789_source0.wav
33.0,36.0,Turdinus atrigularis,Black-throated Wren-Babbler,0.9515,578789_source0.wav
33.0,36.0,Turdinus macrodactylus,Turdinus macrodactylus,0.2583,578789_source0.wav
36.0,39.0,Turdinus atrigularis,Black-throated Wren-Babbler,0.9949,578789_source0.wav
36.0,39.0,Turdinus atrigularis,Turdinus atrigularis,0.6797,578789_source0.wav
39.0,42.0,Psilopogon duvaucelii,Blue-eared Barbet,0.5051,578789_source0.wav
42.0,45.0,Turdinus atrigularis,Black-throated Wren-Babbler,0.9972,578789_source0.wav
42.0,45.0,Turdinus atrigularis,Turdinus atrigularis,0.8867,578789_source0.wav
45.0,48.0,Turdinus atrigularis,Black-throated Wren-Babbler,0.8134,578789_source0.wav
45.0,48.0,Hydrornis baudii,Hydrornis baudii,0.2743,578789_source0.wav
45.0,48.0,Turdinus atrigularis,Turdinus atrigularis,0.2522,578789_source0.wav
51.0,54.0,Turdinus atrigularis,Black-throated Wren-Babbler,0.9743,578789_source0.wav
51.0,54.0,Turdinus atrigularis,Turdinus atrigularis,0.7492,578789_source0.wav
54.0,57.0,Turdinus atrigularis,Black-throated Wren-Babbler,0.7486,578789_source0.wav
57.0,60.0,Pterorhinus chinensis,Black-throated Laughingthrush,0.3287,578789_source0.wav
60.0,63.0,Turdinus atrigularis,Black-throated Wren-Babbler,0.9801,578789_source0.wav
60.0,63.0,Turdinus atrigularis,Turdinus atrigularis,0.8048,578789_source0.wav
0.0,3.0,Gypsophila crassa,Gypsophila crassa,0.8753,58826_source0.wav
0.0,3.0,Hypocnemis cantator,Guianan Warbling-Antbird,0.3116,58826_source0.wav
3.0,6.0,Gypsophila crassa,Gypsophila crassa,0.8258,58826_source0.wav
6.0,9.0,Gypsophila crassa,Gypsophila crassa,0.7528,58826_source0.wav
9.0,12.0,Gypsophila crassa,Gypsophila crassa,0.7494,58826_source0.wav
9.0,12.0,Hypocnemis cantator,Guianan Warbling-Antbird,0.2684,58826_source0.wav
12.0,15.0,Gypsophila crassa,Gypsophila crassa,0.9237,58826_source0.wav
15.0,18.0,Gypsophila crassa,Gypsophila crassa,0.9176,58826_source0.wav
15.0,18.0,Hypocnemis cantator,Guianan Warbling-Antbird,0.5943,58826_source0.wav
18.0,21.0,Gypsophila crassa,Gypsophila crassa,0.9638,58826_source0.wav
21.0,24.0,Gypsophila crassa,Gypsophila crassa,0.9294,58826_source0.wav
24.0,27.0,Gypsophila crassa,Gypsophila crassa,0.9621,58826_source0.wav
27.0,30.0,Gypsophila crassa,Gypsophila crassa,0.7907,58826_source0.wav
30.0,33.0,Gypsophila crassa,Gypsophila crassa,0.9863,58826_source0.wav
3.0,6.0,Erythropitta ussheri,Black-crowned Pitta,0.3718,58908_source1.wav
9.0,12.0,Erythropitta ussheri,Black-crowned Pitta,0.2673,58908_source1.wav
12.0,15.0,Erythropitta ussheri,Black-crowned Pitta,0.3330,58908_source1.wav
21.0,24.0,Erythropitta ussheri,Erythropitta ussheri,0.2526,58908_source1.wav
24.0,27.0,Locustella luscinioides,Savi's Warbler,0.4944,58908_source1.wav
24.0,27.0,Erythropitta ussheri,Erythropitta ussheri,0.3644,58908_source1.wav
24.0,27.0,Erythropitta ussheri,Black-crowned Pitta,0.2574,58908_source1.wav
30.0,33.0,Locustella luscinioides,Savi's Warbler,0.4943,58908_source1.wav
30.0,33.0,Erythropitta ussheri,Erythropitta ussheri,0.4136,58908_source1.wav
33.0,36.0,Erythropitta ussheri,Black-crowned Pitta,0.4698,58908_source1.wav
36.0,39.0,Erythropitta ussheri,Erythropitta ussheri,0.2523,58908_source1.wav
42.0,45.0,Erythropitta ussheri,Erythropitta ussheri,0.2771,58908_source1.wav
42.0,45.0,Locustella luscinioides,Savi's Warbler,0.2695,58908_source1.wav
45.0,48.0,Erythropitta ussheri,Erythropitta ussheri,0.3348,58908_source1.wav
48.0,51.0,Locustella luscinioides,Savi's Warbler,0.3750,58908_source1.wav
51.0,54.0,Ficedula basilanica,Little Slaty Flycatcher,0.2539,58908_source1.wav
54.0,57.0,Locustella luscinioides,Savi's Warbler,0.4451,58908_source1.wav
54.0,57.0,Erythropitta ussheri,Black-crowned Pitta,0.2909,58908_source1.wav
54.0,57.0,Erythropitta ussheri,Erythropitta ussheri,0.2828,58908_source1.wav
57.0,60.0,Locustella luscinioides,Savi's Warbler,0.9561,58908_source1.wav
60.0,63.0,Locustella luscinioides,Savi's Warbler,0.6070,58908_source1.wav
63.0,66.0,Locustella luscinioides,Savi's Warbler,0.6650,58908_source1.wav
63.0,66.0,Erythropitta ussheri,Erythropitta ussheri,0.3545,58908_source1.wav
63.0,66.0,Erythropitta ussheri,Black-crowned Pitta,0.3194,58908_source1.wav
63.0,66.0,Ficedula basilanica,Little Slaty Flycatcher,0.2594,58908_source1.wav
66.0,69.0,Erythropitta ussheri,Black-crowned Pitta,0.2959,58908_source1.wav
66.0,69.0,Erythropitta ussheri,Erythropitta ussheri,0.2620,58908_source1.wav
66.0,69.0,Locustella luscinioides,Savi's Warbler,0.2604,58908_source1.wav
75.0,78.0,Erythropitta ussheri,Black-crowned Pitta,0.3461,58908_source1.wav
75.0,78.0,Locustella luscinioides,Savi's Warbler,0.2808,58908_source1.wav
78.0,81.0,Locustella luscinioides,Savi's Warbler,0.7185,58908_source1.wav
78.0,81.0,Erythropitta ussheri,Black-crowned Pitta,0.4235,58908_source1.wav
81.0,84.0,Locustella luscinioides,Savi's Warbler,0.4003,58908_source1.wav
81.0,84.0,Erythropitta ussheri,Erythropitta ussheri,0.2959,58908_source1.wav
0.0,3.0,Erythropitta ussheri,Black-crowned Pitta,0.3125,59728_source2.wav
0.0,3.0,Hydrornis irena,Malayan Banded-Pitta,0.7522,59733_source0.wav
0.0,3.0,Hydrornis irena,Hydrornis irena,0.6201,59733_source0.wav
0.0,3.0,Hydrornis schwaneri,Hydrornis schwaneri,0.3858,59733_source0.wav
0.0,3.0,Hydrornis schwaneri,Bornean Banded-Pitta,0.3546,59733_source0.wav
6.0,9.0,Hydrornis irena,Malayan Banded-Pitta,0.5623,59733_source0.wav
6.0,9.0,Hydrornis schwaneri,Bornean Banded-Pitta,0.4922,59733_source0.wav
6.0,9.0,Hydrornis irena,Hydrornis irena,0.4357,59733_source0.wav
9.0,12.0,Hydrornis schwaneri,Bornean Banded-Pitta,0.6407,59733_source0.wav
9.0,12.0,Hydrornis schwaneri,Hydrornis schwaneri,0.3820,59733_source0.wav
9.0,12.0,Hydrornis irena,Hydrornis irena,0.3189,59733_source0.wav
9.0,12.0,Hydrornis irena,Malayan Banded-Pitta,0.3125,59733_source0.wav
15.0,18.0,Hydrornis schwaneri,Bornean Banded-Pitta,0.5062,59733_source0.wav
21.0,24.0,Hydrornis schwaneri,Bornean Banded-Pitta,0.7230,59733_source0.wav
21.0,24.0,Hydrornis schwaneri,Hydrornis schwaneri,0.5690,59733_source0.wav
21.0,24.0,Hydrornis irena,Malayan Banded-Pitta,0.4948,59733_source0.wav
27.0,30.0,Hydrornis schwaneri,Bornean Banded-Pitta,0.9236,59733_source0.wav
27.0,30.0,Hydrornis schwaneri,Hydrornis schwaneri,0.4184,59733_source0.wav
36.0,39.0,Eupetes macrocerus,Malaysian Rail-babbler,0.2723,603181_source2.wav
54.0,57.0,Nyctyornis amictus,Red-bearded Bee-eater,0.5320,603181_source2.wav
54.0,57.0,Macronus ptilosus,Fluffy-backed Tit-Babbler,0.2552,603181_source2.wav
57.0,60.0,Eupetes macrocerus,Malaysian Rail-babbler,0.2938,603181_source2.wav
0.0,3.0,Meiglyptes tristis,Meiglyptes tristis,0.7631,620802_source0.wav
0.0,3.0,Bangsia edwardsi,Moss-backed Tanager,0.4531,620802_source0.wav
0.0,3.0,Meiglyptes tristis,Buff-rumped Woodpecker,0.4103,620802_source0.wav
3.0,6.0,Meiglyptes tristis,Meiglyptes tristis,0.8633,620802_source0.wav
3.0,6.0,Meiglyptes tristis,Buff-rumped Woodpecker,0.7434,620802_source0.wav
6.0,9.0,Meiglyptes tristis,Buff-rumped Woodpecker,0.3256,620802_source0.wav
9.0,12.0,Meiglyptes tristis,Meiglyptes tristis,0.7743,620802_source0.wav
9.0,12.0,Bangsia edwardsi,Moss-backed Tanager,0.6740,620802_source0.wav
9.0,12.0,Meiglyptes tristis,Buff-rumped Woodpecker,0.3522,620802_source0.wav
12.0,15.0,Meiglyptes tristis,Meiglyptes tristis,0.6999,620802_source0.wav
12.0,15.0,Meiglyptes tristis,Buff-rumped Woodpecker,0.5010,620802_source0.wav
15.0,18.0,Meiglyptes tristis,Meiglyptes tristis,0.3306,620802_source0.wav
18.0,21.0,Meiglyptes tristis,Buff-rumped Woodpecker,0.4628,620802_source0.wav
18.0,21.0,Meiglyptes tristis,Meiglyptes tristis,0.4358,620802_source0.wav
21.0,24.0,Meiglyptes tristis,Meiglyptes tristis,0.7360,620802_source0.wav
21.0,24.0,Meiglyptes tristis,Buff-rumped Woodpecker,0.4438,620802_source0.wav
24.0,27.0,Meiglyptes tristis,Meiglyptes tristis,0.4647,620802_source0.wav
24.0,27.0,Meiglyptes tristis,Buff-rumped Woodpecker,0.3543,620802_source0.wav
27.0,30.0,Meiglyptes tristis,Meiglyptes tristis,0.7393,620802_source0.wav
27.0,30.0,Bangsia edwardsi,Moss-backed Tanager,0.5719,620802_source0.wav
27.0,30.0,Meiglyptes tristis,Buff-rumped Woodpecker,0.4103,620802_source0.wav
27.0,30.0,Xenops minutus,Plain Xenops,0.3127,620802_source0.wav
30.0,33.0,Meiglyptes tristis,Buff-rumped Woodpecker,0.7587,620802_source0.wav
30.0,33.0,Meiglyptes tristis,Meiglyptes tristis,0.6180,620802_source0.wav
33.0,36.0,Meiglyptes tristis,Buff-rumped Woodpecker,0.8827,620802_source0.wav
33.0,36.0,Meiglyptes tristis,Meiglyptes tristis,0.8454,620802_source0.wav
36.0,39.0,Meiglyptes tristis,Meiglyptes tristis,0.8609,620802_source0.wav
36.0,39.0,Meiglyptes tristis,Buff-rumped Woodpecker,0.8282,620802_source0.wav
39.0,42.0,Meiglyptes tristis,Meiglyptes tristis,0.5614,620802_source0.wav
39.0,42.0,Meiglyptes tristis,Buff-rumped Woodpecker,0.5224,620802_source0.wav
42.0,45.0,Meiglyptes tristis,Buff-rumped Woodpecker,0.8298,620802_source0.wav
42.0,45.0,Meiglyptes tristis,Meiglyptes tristis,0.8025,620802_source0.wav
18.0,21.0,Phacellodomus erythrophthalmus,Orange-eyed Thornbird,0.4355,624798_source0.wav
18.0,21.0,Hypsipetes leucocephalus,Black Bulbul,0.2729,624798_source0.wav
0.0,3.0,Dendrocitta cinerascens,Bornean Treepie,0.7541,627950_source0.wav
0.0,3.0,Dendrocitta cinerascens,Dendrocitta cinerascens,0.6406,627950_source0.wav
0.0,3.0,Dendrocitta formosae,Gray Treepie,0.3371,627950_source0.wav
6.0,9.0,Hydroprogne caspia,Caspian Tern,0.3623,627950_source0.wav
12.0,15.0,Dendrocitta cinerascens,Dendrocitta cinerascens,0.8332,627950_source0.wav
18.0,21.0,Dendrocitta cinerascens,Dendrocitta cinerascens,0.9075,627950_source0.wav
18.0,21.0,Dendrocitta cinerascens,Bornean Treepie,0.3285,627950_source0.wav
18.0,21.0,Cyanocitta cristata,Blue Jay,0.3100,627950_source0.wav
24.0,27.0,Dendrocitta cinerascens,Dendrocitta cinerascens,0.7867,627950_source0.wav
27.0,30.0,Dendrocitta cinerascens,Dendrocitta cinerascens,0.6588,627950_source0.wav
30.0,33.0,Dendrocitta cinerascens,Dendrocitta cinerascens,0.8301,627950_source0.wav
30.0,33.0,Dendrocitta cinerascens,Bornean Treepie,0.2983,627950_source0.wav
3.0,6.0,Rollulus rouloul,Crested Partridge,0.6097,628803_source0.wav
3.0,6.0,Rollulus rouloul,Rollulus rouloul,0.2747,628803_source0.wav
6.0,9.0,Rollulus rouloul,Crested Partridge,0.8187,628803_source0.wav
6.0,9.0,Rollulus rouloul,Rollulus rouloul,0.4530,628803_source0.wav
9.0,12.0,Rollulus rouloul,Crested Partridge,0.5552,628803_source0.wav
9.0,12.0,Rollulus rouloul,Rollulus rouloul,0.4320,628803_source0.wav
27.0,30.0,Luscinia luscinia,Thrush Nightingale,0.2631,629417_source0.wav
36.0,39.0,Myiarchus swainsoni,Swainson's Flycatcher,0.4830,629417_source0.wav
36.0,39.0,Spilornis cheela,Spilornis cheela,0.3087,629417_source0.wav
0.0,3.0,Carpococcyx radiceus,Carpococcyx radiceus,0.4992,67864_source3.wav
0.0,3.0,Carpococcyx radiceus,Bornean Ground-Cuckoo,0.4701,67864_source3.wav
3.0,6.0,Baryphthengus martii,Rufous Motmot,0.5746,67864_source3.wav
3.0,6.0,Momotus momota,Amazonian Motmot,0.2859,67864_source3.wav
6.0,9.0,Carpococcyx radiceus,Carpococcyx radiceus,0.4209,67864_source3.wav
9.0,12.0,Carpococcyx radiceus,Carpococcyx radiceus,0.5838,67864_source3.wav
9.0,12.0,Carpococcyx radiceus,Bornean Ground-Cuckoo,0.4258,67864_source3.wav
15.0,18.0,Carpococcyx radiceus,Carpococcyx radiceus,0.3086,67864_source3.wav
15.0,18.0,Carpococcyx radiceus,Bornean Ground-Cuckoo,0.2566,67864_source3.wav
18.0,21.0,Carpococcyx radiceus,Carpococcyx radiceus,0.2708,67864_source3.wav
21.0,24.0,Geotrygon montana,Ruddy Quail-Dove,0.3973,67864_source3.wav
24.0,27.0,Carpococcyx radiceus,Carpococcyx radiceus,0.5519,67864_source3.wav
24.0,27.0,Carpococcyx radiceus,Bornean Ground-Cuckoo,0.2880,67864_source3.wav
30.0,33.0,Carpococcyx radiceus,Carpococcyx radiceus,0.4562,67864_source3.wav
30.0,33.0,Carpococcyx radiceus,Bornean Ground-Cuckoo,0.3286,67864_source3.wav
36.0,39.0,Carpococcyx radiceus,Carpococcyx radiceus,0.3499,67864_source3.wav
39.0,42.0,Carpococcyx radiceus,Carpococcyx radiceus,0.7506,67864_source3.wav
39.0,42.0,Carpococcyx radiceus,Bornean Ground-Cuckoo,0.5627,67864_source3.wav
42.0,45.0,Lophostrix cristata,Crested Owl,0.7954,67864_source3.wav
45.0,48.0,Carpococcyx radiceus,Carpococcyx radiceus,0.6165,67864_source3.wav
45.0,48.0,Carpococcyx radiceus,Bornean Ground-Cuckoo,0.5281,67864_source3.wav
3.0,6.0,Hypothymis azurea,Black-naped Monarch,0.3424,67894_source1.wav
3.0,6.0,Hypothymis azurea,Hypothymis azurea,0.2633,67894_source1.wav
12.0,15.0,Hypothymis azurea,Black-naped Monarch,0.4280,67894_source1.wav
12.0,15.0,Hypothymis azurea,Hypothymis azurea,0.3418,67894_source1.wav
3.0,6.0,Cyornis caerulatus,Sunda Blue Flycatcher,0.3721,68095_source0.wav
15.0,18.0,Ixodia erythropthalmos,Ixodia erythropthalmos,0.2942,68095_source0.wav
18.0,21.0,Psilopogon duvaucelii,Blue-eared Barbet,0.5257,68095_source0.wav
18.0,21.0,Psilopogon duvaucelii,Psilopogon duvaucelii,0.2763,68095_source0.wav
21.0,24.0,Psilopogon duvaucelii,Blue-eared Barbet,0.3750,68095_source0.wav
21.0,24.0,Psilopogon duvaucelii,Psilopogon duvaucelii,0.2665,68095_source0.wav
24.0,27.0,Psilopogon duvaucelii,Blue-eared Barbet,0.5364,68095_source0.wav
27.0,30.0,Psilopogon duvaucelii,Blue-eared Barbet,0.4212,68095_source0.wav
27.0,30.0,Psilopogon duvaucelii,Psilopogon duvaucelii,0.2620,68095_source0.wav
30.0,33.0,Psilopogon duvaucelii,Blue-eared Barbet,0.5609,68095_source0.wav
30.0,33.0,Psilopogon duvaucelii,Psilopogon duvaucelii,0.3083,68095_source0.wav
33.0,36.0,Psilopogon duvaucelii,Blue-eared Barbet,0.3327,68095_source0.wav
36.0,37.17,Psilopogon duvaucelii,Blue-eared Barbet,0.4249,68095_source0.wav
6.0,9.0,Rhipidura albicollis,White-throated Fantail,0.9452,68682_source1.wav
6.0,9.0,Rhipidura albicollis,Rhipidura albicollis,0.3661,68682_source1.wav
12.0,15.0,Rhipidura albicollis,White-throated Fantail,0.9532,68682_source1.wav
12.0,15.0,Rhipidura albicollis,Rhipidura albicollis,0.3905,68682_source1.wav
18.0,21.0,Rhipidura albicollis,White-throated Fantail,0.8461,68682_source1.wav
27.0,30.0,Rhipidura albicollis,White-throated Fantail,0.8666,68682_source1.wav
36.0,39.0,Rhipidura albicollis,White-throated Fantail,0.9754,68682_source1.wav
36.0,39.0,Rhipidura albicollis,Rhipidura albicollis,0.3383,68682_source1.wav
39.0,42.0,Sipia nigricauda,Esmeraldas Antbird,0.3708,68682_source1.wav
15.0,18.0,Psilopogon duvaucelii,Blue-eared Barbet,0.3304,69163_source1.wav
18.0,21.0,Nyctyornis amictus,Red-bearded Bee-eater,0.2536,69163_source1.wav
27.0,30.0,Erythropitta ussheri,Erythropitta ussheri,0.2522,69246_source2.wav
39.0,42.0,Erythropitta ussheri,Erythropitta ussheri,0.3165,69246_source2.wav
3.0,6.0,Turdinus atrigularis,Black-throated Wren-Babbler,0.8459,70593_source0.wav
3.0,6.0,Human whistle,Human whistle,0.5190,70593_source0.wav
3.0,6.0,Turdinus atrigularis,Turdinus atrigularis,0.2782,70593_source0.wav
9.0,12.0,Turdinus atrigularis,Black-throated Wren-Babbler,0.9104,70593_source0.wav
9.0,12.0,Turdinus atrigularis,Turdinus atrigularis,0.5301,70593_source0.wav
9.0,12.0,Turdinus macrodactylus,Turdinus macrodactylus,0.3688,70593_source0.wav
12.0,15.0,Turdinus atrigularis,Black-throated Wren-Babbler,0.6290,70593_source0.wav
12.0,15.0,Myophonus horsfieldii,Malabar Whistling-Thrush,0.5736,70593_source0.wav
12.0,15.0,Turdinus atrigularis,Turdinus atrigularis,0.3518,70593_source0.wav
18.0,21.0,Turdinus atrigularis,Black-throated Wren-Babbler,0.9876,70593_source0.wav
18.0,21.0,Turdinus atrigularis,Turdinus atrigularis,0.8539,70593_source0.wav
18.0,21.0,Turdinus macrodactylus,Turdinus macrodactylus,0.4615,70593_source0.wav
18.0,21.0,Myophonus horsfieldii,Malabar Whistling-Thrush,0.4269,70593_source0.wav
21.0,24.0,Rhynochetos jubatus,Kagu,0.3155,70593_source0.wav
24.0,27.0,Turdinus atrigularis,Black-throated Wren-Babbler,0.8116,70593_source0.wav
24.0,27.0,Turdinus atrigularis,Turdinus atrigularis,0.4857,70593_source0.wav
24.0,27.0,Turdinus macrodactylus,Turdinus macrodactylus,0.3323,70593_source0.wav
27.0,30.0,Turdinus atrigularis,Black-throated Wren-Babbler,0.8128,70593_source0.wav
27.0,30.0,Turdinus atrigularis,Turdinus atrigularis,0.4079,70593_source0.wav
30.0,33.0,Hydrornis soror,Blue-rumped Pitta,0.3564,70593_source0.wav
33.0,36.0,Turdinus atrigularis,Black-throated Wren-Babbler,0.9889,70593_source0.wav
33.0,36.0,Turdinus atrigularis,Turdinus atrigularis,0.7996,70593_source0.wav
33.0,36.0,Human whistle,Human whistle,0.3224,70593_source0.wav
39.0,42.0,Turdinus atrigularis,Black-throated Wren-Babbler,0.9810,70593_source0.wav
39.0,42.0,Turdinus atrigularis,Turdinus atrigularis,0.7952,70593_source0.wav
39.0,42.0,Human whistle,Human whistle,0.4592,70593_source0.wav
45.0,48.0,Turdinus atrigularis,Black-throated Wren-Babbler,0.9777,70593_source0.wav
45.0,48.0,Turdinus atrigularis,Turdinus atrigularis,0.8098,70593_source0.wav
45.0,48.0,Human whistle,Human whistle,0.3297,70593_source0.wav
6.0,9.0,Platysmurus leucopterus,Black Magpie,0.9998,70596_source0.wav
6.0,9.0,Platysmurus aterrimus,Platysmurus aterrimus,0.9701,70596_source0.wav
9.0,12.0,Hydrornis caeruleus,Giant Pitta,0.5364,70596_source0.wav
12.0,15.0,Platysmurus leucopterus,Black Magpie,0.9997,70596_source0.wav
12.0,15.0,Platysmurus aterrimus,Platysmurus aterrimus,0.9639,70596_source0.wav
18.0,21.0,Platysmurus leucopterus,Black Magpie,0.9993,70596_source0.wav
18.0,21.0,Platysmurus aterrimus,Platysmurus aterrimus,0.9544,70596_source0.wav
21.0,24.0,Platysmurus leucopterus,Black Magpie,0.9822,70596_source0.wav
21.0,24.0,Platysmurus aterrimus,Platysmurus aterrimus,0.9713,70596_source0.wav
24.0,27.0,Platysmurus leucopterus,Black Magpie,0.2648,70596_source0.wav
6.0,9.0,Cantorchilus nigricapillus,Bay Wren,0.2505,730906_source0.wav
12.0,15.0,Copsychus malabaricus,White-rumped Shama,0.3427,759232_source0.wav
15.0,18.0,Nicator gularis,Eastern Nicator,0.8114,759232_source0.wav
21.0,24.0,Turdus hauxwelli,Hauxwell's Thrush,0.6276,759232_source0.wav
27.0,30.0,Copsychus malabaricus,White-rumped Shama,0.4587,759232_source0.wav
27.0,30.0,Copsychus stricklandii,Copsychus stricklandii,0.2632,759232_source0.wav
0.0,3.0,Eupetes macrocerus,Malaysian Rail-babbler,0.6877,769376_source1.wav
0.0,3.0,Eupetes macrocerus,Eupetes macrocerus,0.3118,769376_source1.wav
3.0,6.0,Cicinnurus respublica,Wilson's Bird-of-Paradise,0.2571,769376_source1.wav
6.0,9.0,Eupetes macrocerus,Malaysian Rail-babbler,0.2947,769376_source1.wav
9.0,12.0,Cicinnurus respublica,Wilson's Bird-of-Paradise,0.3078,769376_source1.wav
9.0,12.0,Diphyllodes respublica,Diphyllodes respublica,0.2771,769376_source1.wav
12.0,15.0,Cicinnurus respublica,Wilson's Bird-of-Paradise,0.2770,769376_source1.wav
0.0,3.0,Mulleripicus pulverulentus,Great Slaty Woodpecker,0.4914,772994_source0.wav
3.0,6.0,Mulleripicus pulverulentus,Great Slaty Woodpecker,0.4923,772994_source0.wav
6.0,9.0,Mulleripicus pulverulentus,Great Slaty Woodpecker,0.9990,772994_source0.wav
6.0,9.0,Mulleripicus pulverulentus,Mulleripicus pulverulentus,0.9591,772994_source0.wav
9.0,12.0,Mulleripicus pulverulentus,Great Slaty Woodpecker,0.9438,772994_source0.wav
9.0,12.0,Mulleripicus pulverulentus,Mulleripicus pulverulentus,0.8148,772994_source0.wav
12.0,15.0,Mulleripicus pulverulentus,Great Slaty Woodpecker,0.9968,772994_source0.wav
12.0,15.0,Mulleripicus pulverulentus,Mulleripicus pulverulentus,0.9825,772994_source0.wav
15.0,18.0,Mulleripicus pulverulentus,Great Slaty Woodpecker,0.9754,772994_source0.wav
15.0,18.0,Mulleripicus pulverulentus,Mulleripicus pulverulentus,0.9008,772994_source0.wav
18.0,21.0,Mulleripicus pulverulentus,Great Slaty Woodpecker,0.9970,772994_source0.wav
18.0,21.0,Mulleripicus pulverulentus,Mulleripicus pulverulentus,0.9817,772994_source0.wav
21.0,24.0,Mulleripicus pulverulentus,Mulleripicus pulverulentus,0.8374,772994_source0.wav
21.0,24.0,Mulleripicus pulverulentus,Great Slaty Woodpecker,0.8344,772994_source0.wav
24.0,27.0,Mulleripicus pulverulentus,Great Slaty Woodpecker,0.9175,772994_source0.wav
24.0,27.0,Mulleripicus pulverulentus,Mulleripicus pulverulentus,0.8500,772994_source0.wav
27.0,30.0,Mulleripicus pulverulentus,Great Slaty Woodpecker,0.9965,772994_source0.wav
27.0,30.0,Mulleripicus pulverulentus,Mulleripicus pulverulentus,0.9182,772994_source0.wav
30.0,33.0,Mulleripicus pulverulentus,Great Slaty Woodpecker,0.9979,772994_source0.wav
30.0,33.0,Mulleripicus pulverulentus,Mulleripicus pulverulentus,0.9381,772994_source0.wav
33.0,36.0,Mulleripicus pulverulentus,Great Slaty Woodpecker,0.9993,772994_source0.wav
33.0,36.0,Mulleripicus pulverulentus,Mulleripicus pulverulentus,0.9853,772994_source0.wav
9.0,12.0,Copsychus malabaricus,White-rumped Shama,0.8027,792977_source0.wav
9.0,12.0,Sylvia abyssinica,African Hill Babbler,0.5918,792977_source0.wav
9.0,12.0,Copsychus niger,White-vented Shama,0.5654,792977_source0.wav
9.0,12.0,Copsychus stricklandii,Copsychus stricklandii,0.4511,792977_source0.wav
18.0,21.0,Hierococcyx bocki,Hierococcyx bocki,0.3073,792977_source0.wav
9.0,12.0,Erythropitta ussheri,Black-crowned Pitta,0.6220,815128_source2.wav
12.0,15.0,Erythropitta ussheri,Black-crowned Pitta,0.3968,815128_source2.wav
12.0,15.0,Harpactes diardii,Harpactes diardii,0.2559,815128_source2.wav
15.0,18.0,Erythropitta ussheri,Black-crowned Pitta,0.3353,815128_source2.wav
21.0,24.0,Erythropitta ussheri,Black-crowned Pitta,0.6469,815128_source2.wav
21.0,24.0,Cyanoderma erythropterum,Chestnut-winged Babbler,0.5032,815128_source2.wav
21.0,24.0,Harpactes diardii,Harpactes diardii,0.4096,815128_source2.wav
21.0,24.0,Harpactes diardii,Diard's Trogon,0.3364,815128_source2.wav
24.0,27.0,Erythropitta ussheri,Black-crowned Pitta,0.3542,815128_source2.wav
0.0,3.0,Pellorneum capistratum,Black-capped Babbler,0.9370,825971_source0.wav
0.0,3.0,Pellorneum nigrocapitatum,Pellorneum nigrocapitatum,0.6460,825971_source0.wav
3.0,6.0,Pellorneum capistratum,Black-capped Babbler,0.9681,825971_source0.wav
3.0,6.0,Pellorneum nigrocapitatum,Pellorneum nigrocapitatum,0.4113,825971_source0.wav
3.0,6.0,Pellorneum capistratoides,Pellorneum capistratoides,0.3339,825971_source0.wav
9.0,12.0,Pellorneum capistratum,Black-capped Babbler,0.9841,825971_source0.wav
9.0,12.0,Pellorneum nigrocapitatum,Pellorneum nigrocapitatum,0.5008,825971_source0.wav
9.0,12.0,Pellorneum capistratoides,Pellorneum capistratoides,0.3173,825971_source0.wav
15.0,18.0,Pellorneum capistratum,Black-capped Babbler,0.9799,825971_source0.wav
15.0,18.0,Pellorneum nigrocapitatum,Pellorneum nigrocapitatum,0.4711,825971_source0.wav
15.0,18.0,Pellorneum capistratoides,Pellorneum capistratoides,0.2993,825971_source0.wav
21.0,24.0,Pellorneum capistratum,Black-capped Babbler,0.9850,825971_source0.wav
21.0,24.0,Pellorneum nigrocapitatum,Pellorneum nigrocapitatum,0.6859,825971_source0.wav
24.0,27.0,Pellorneum capistratum,Black-capped Babbler,0.9284,825971_source0.wav
24.0,27.0,Pellorneum nigrocapitatum,Pellorneum nigrocapitatum,0.5717,825971_source0.wav
27.0,30.0,Iole propinqua,Gray-eyed Bulbul,0.8574,825971_source0.wav
30.0,33.0,Pellorneum capistratum,Black-capped Babbler,0.9775,825971_source0.wav
30.0,33.0,Pellorneum nigrocapitatum,Pellorneum nigrocapitatum,0.5271,825971_source0.wav
36.0,39.0,Culicicapa ceylonensis,Gray-headed Canary-Flycatcher,0.5949,825971_source0.wav
36.0,39.0,Culicicapa ceylonensis,Culicicapa ceylonensis,0.3900,825971_source0.wav
36.0,39.0,Pellorneum capistratum,Black-capped Babbler,0.3466,825971_source0.wav
39.0,42.0,Pellorneum capistratum,Black-capped Babbler,0.9641,825971_source0.wav
39.0,42.0,Pellorneum nigrocapitatum,Pellorneum nigrocapitatum,0.3159,825971_source0.wav
45.0,48.0,Pellorneum capistratum,Black-capped Babbler,0.9911,825971_source0.wav
45.0,48.0,Pellorneum nigrocapitatum,Pellorneum nigrocapitatum,0.4720,825971_source0.wav
45.0,48.0,Pellorneum capistratoides,Pellorneum capistratoides,0.3403,825971_source0.wav
51.0,54.0,Pellorneum capistratum,Black-capped Babbler,0.9693,825971_source0.wav
51.0,54.0,Pellorneum nigrocapitatum,Pellorneum nigrocapitatum,0.4676,825971_source0.wav
54.0,57.0,Pellorneum capistratum,Black-capped Babbler,0.9571,825971_source0.wav
54.0,57.0,Pellorneum nigrocapitatum,Pellorneum nigrocapitatum,0.5197,825971_source0.wav
60.0,63.0,Pellorneum capistratum,Black-capped Babbler,0.9650,825971_source0.wav
60.0,63.0,Pellorneum nigrocapitatum,Pellorneum nigrocapitatum,0.6059,825971_source0.wav
63.0,66.0,Pellorneum capistratum,Black-capped Babbler,0.9262,825971_source0.wav
63.0,66.0,Pellorneum nigrocapitatum,Pellorneum nigrocapitatum,0.4585,825971_source0.wav
69.0,72.0,Pellorneum capistratum,Black-capped Babbler,0.9955,825971_source0.wav
69.0,72.0,Pellorneum nigrocapitatum,Pellorneum nigrocapitatum,0.7546,825971_source0.wav
75.0,78.0,Pellorneum capistratum,Black-capped Babbler,0.9772,825971_source0.wav
75.0,78.0,Pellorneum nigrocapitatum,Pellorneum nigrocapitatum,0.6182,825971_source0.wav
78.0,81.0,Pellorneum capistratum,Black-capped Babbler,0.9653,825971_source0.wav
78.0,81.0,Pellorneum nigrocapitatum,Pellorneum nigrocapitatum,0.3904,825971_source0.wav
84.0,87.0,Pellorneum capistratum,Black-capped Babbler,0.9849,825971_source0.wav
84.0,87.0,Pellorneum nigrocapitatum,Pellorneum nigrocapitatum,0.5208,825971_source0.wav
84.0,87.0,Pellorneum capistratoides,Pellorneum capistratoides,0.2721,825971_source0.wav
90.0,93.0,Pellorneum capistratum,Black-capped Babbler,0.9869,825971_source0.wav
90.0,93.0,Pellorneum nigrocapitatum,Pellorneum nigrocapitatum,0.7512,825971_source0.wav
90.0,93.0,Pellorneum capistratoides,Pellorneum capistratoides,0.2619,825971_source0.wav
93.0,96.0,Erythropitta ussheri,Erythropitta ussheri,0.3066,825971_source0.wav
96.0,99.0,Pellorneum capistratum,Black-capped Babbler,0.9943,825971_source0.wav
96.0,99.0,Pellorneum nigrocapitatum,Pellorneum nigrocapitatum,0.6126,825971_source0.wav
96.0,99.0,Pellorneum capistratoides,Pellorneum capistratoides,0.2570,825971_source0.wav
102.0,105.0,Pellorneum capistratum,Black-capped Babbler,0.9666,825971_source0.wav
102.0,105.0,Pellorneum nigrocapitatum,Pellorneum nigrocapitatum,0.3721,825971_source0.wav
102.0,105.0,Pellorneum capistratoides,Pellorneum capistratoides,0.3347,825971_source0.wav
105.0,108.0,Pellorneum capistratum,Black-capped Babbler,0.9563,825971_source0.wav
105.0,108.0,Pellorneum nigrocapitatum,Pellorneum nigrocapitatum,0.6589,825971_source0.wav
111.0,114.0,Pellorneum capistratum,Black-capped Babbler,0.9834,825971_source0.wav
111.0,114.0,Pellorneum nigrocapitatum,Pellorneum nigrocapitatum,0.7862,825971_source0.wav
117.0,120.0,Pellorneum capistratum,Black-capped Babbler,0.8877,825971_source0.wav
117.0,120.0,Pellorneum nigrocapitatum,Pellorneum nigrocapitatum,0.6027,825971_source0.wav
123.0,126.0,Pellorneum capistratum,Black-capped Babbler,0.9416,825971_source0.wav
123.0,126.0,Pellorneum nigrocapitatum,Pellorneum nigrocapitatum,0.4576,825971_source0.wav
129.0,132.0,Pellorneum capistratum,Black-capped Babbler,0.9783,825971_source0.wav
129.0,132.0,Pellorneum nigrocapitatum,Pellorneum nigrocapitatum,0.8367,825971_source0.wav
132.0,135.0,Pellorneum capistratum,Black-capped Babbler,0.9522,825971_source0.wav
132.0,135.0,Pellorneum nigrocapitatum,Pellorneum nigrocapitatum,0.5788,825971_source0.wav
138.0,141.0,Pellorneum capistratum,Black-capped Babbler,0.9937,825971_source0.wav
138.0,141.0,Pellorneum nigrocapitatum,Pellorneum nigrocapitatum,0.6205,825971_source0.wav
141.0,144.0,Pellorneum capistratum,Black-capped Babbler,0.9643,825971_source0.wav
141.0,144.0,Pellorneum nigrocapitatum,Pellorneum nigrocapitatum,0.5192,825971_source0.wav
6.0,9.0,Pellorneum capistratum,Black-capped Babbler,0.9782,826326_source0.wav
6.0,9.0,Pellorneum nigrocapitatum,Pellorneum nigrocapitatum,0.5273,826326_source0.wav
12.0,15.0,Pellorneum capistratum,Black-capped Babbler,0.8690,826326_source0.wav
12.0,15.0,Pellorneum nigrocapitatum,Pellorneum nigrocapitatum,0.3687,826326_source0.wav
15.0,18.0,Pellorneum capistratum,Black-capped Babbler,0.9462,826326_source0.wav
15.0,18.0,Pellorneum nigrocapitatum,Pellorneum nigrocapitatum,0.4873,826326_source0.wav
18.0,21.0,Rollulus rouloul,Crested Partridge,0.3723,826326_source0.wav
21.0,23.89,Pellorneum capistratum,Black-capped Babbler,0.9286,826326_source0.wav
21.0,23.89,Pellorneum nigrocapitatum,Pellorneum nigrocapitatum,0.4104,826326_source0.wav
0.0,3.0,Malacocincla abbotti,Abbott's Babbler,0.4763,82842_source0.wav
0.0,3.0,Copsychus pyrropygus,Copsychus pyrropygus,0.2580,82842_source0.wav
3.0,6.0,Copsychus stricklandii,Copsychus stricklandii,0.3571,82842_source0.wav
9.0,11.81,Copsychus stricklandii,Copsychus stricklandii,0.3076,82842_source0.wav
0.0,3.0,Copsychus malabaricus,White-rumped Shama,0.2951,82843_source0.wav
0.0,3.0,Polyplectron malacense,Malayan Peacock-Pheasant,0.8561,838684_source0.wav
0.0,3.0,Polyplectron malacense,Polyplectron malacense,0.3904,838684_source0.wav
9.0,12.0,Polyplectron malacense,Malayan Peacock-Pheasant,0.3256,838684_source0.wav
9.0,12.0,Polyplectron malacense,Polyplectron malacense,0.2883,838684_source0.wav
21.0,24.0,Polyplectron malacense,Malayan Peacock-Pheasant,0.3969,838684_source0.wav
3.0,6.0,Anurolimnas castaneiceps,Chestnut-headed Crake,0.7392,840989_source3.wav
0.0,3.0,Psilopogon duvaucelii,Blue-eared Barbet,0.9545,844776_source0.wav
0.0,3.0,Psilopogon duvaucelii,Psilopogon duvaucelii,0.8541,844776_source0.wav
3.0,6.0,Psilopogon duvaucelii,Blue-eared Barbet,0.8351,844776_source0.wav
3.0,6.0,Psilopogon duvaucelii,Psilopogon duvaucelii,0.3767,844776_source0.wav
6.0,9.0,Psilopogon duvaucelii,Blue-eared Barbet,0.9902,844776_source0.wav
6.0,9.0,Psilopogon duvaucelii,Psilopogon duvaucelii,0.9302,844776_source0.wav
9.0,12.0,Psilopogon duvaucelii,Blue-eared Barbet,0.9066,844776_source0.wav
9.0,12.0,Psilopogon duvaucelii,Psilopogon duvaucelii,0.5581,844776_source0.wav
12.0,15.0,Psilopogon duvaucelii,Blue-eared Barbet,0.9618,844776_source0.wav
12.0,15.0,Psilopogon duvaucelii,Psilopogon duvaucelii,0.7842,844776_source0.wav
12.0,15.0,Psilopogon chrysopogon,Gold-whiskered Barbet,0.2627,844776_source0.wav
15.0,18.0,Psilopogon duvaucelii,Blue-eared Barbet,0.9874,844776_source0.wav
15.0,18.0,Psilopogon duvaucelii,Psilopogon duvaucelii,0.8809,844776_source0.wav
18.0,21.0,Psilopogon duvaucelii,Blue-eared Barbet,0.9945,844776_source0.wav
18.0,21.0,Psilopogon duvaucelii,Psilopogon duvaucelii,0.9114,844776_source0.wav
21.0,24.0,Psilopogon duvaucelii,Blue-eared Barbet,0.9732,844776_source0.wav
21.0,24.0,Psilopogon duvaucelii,Psilopogon duvaucelii,0.8318,844776_source0.wav
24.0,27.0,Psilopogon duvaucelii,Blue-eared Barbet,0.9921,844776_source0.wav
24.0,27.0,Psilopogon duvaucelii,Psilopogon duvaucelii,0.9588,844776_source0.wav
27.0,30.0,Psilopogon duvaucelii,Blue-eared Barbet,0.9793,844776_source0.wav
27.0,30.0,Psilopogon duvaucelii,Psilopogon duvaucelii,0.6824,844776_source0.wav
30.0,33.0,Psilopogon duvaucelii,Blue-eared Barbet,0.3755,844776_source0.wav
36.0,39.0,Psilopogon duvaucelii,Blue-eared Barbet,0.7180,844776_source0.wav
36.0,39.0,Psilopogon duvaucelii,Psilopogon duvaucelii,0.2982,844776_source0.wav
39.0,42.0,Psilopogon duvaucelii,Blue-eared Barbet,0.7377,844776_source0.wav
39.0,42.0,Psilopogon duvaucelii,Psilopogon duvaucelii,0.2984,844776_source0.wav
45.0,48.0,Platysmurus leucopterus,Black Magpie,0.7793,844776_source0.wav
45.0,48.0,Oriolus xanthonotus,Dark-throated Oriole,0.4829,844776_source0.wav
45.0,48.0,Oriolus xanthonotus,Oriolus xanthonotus,0.3159,844776_source0.wav
48.0,51.0,Psilopogon duvaucelii,Blue-eared Barbet,0.7834,844776_source0.wav
48.0,51.0,Psilopogon duvaucelii,Psilopogon duvaucelii,0.4509,844776_source0.wav
57.0,60.0,Psilopogon duvaucelii,Blue-eared Barbet,0.9805,844776_source0.wav
57.0,60.0,Psilopogon duvaucelii,Psilopogon duvaucelii,0.7297,844776_source0.wav
60.0,63.0,Psilopogon duvaucelii,Blue-eared Barbet,0.9874,844776_source0.wav
60.0,63.0,Psilopogon duvaucelii,Psilopogon duvaucelii,0.7462,844776_source0.wav
63.0,66.0,Psilopogon duvaucelii,Blue-eared Barbet,0.9280,844776_source0.wav
63.0,66.0,Psilopogon duvaucelii,Psilopogon duvaucelii,0.7181,844776_source0.wav
66.0,69.0,Psilopogon duvaucelii,Blue-eared Barbet,0.8619,844776_source0.wav
66.0,69.0,Psilopogon duvaucelii,Psilopogon duvaucelii,0.4659,844776_source0.wav
69.0,72.0,Psilopogon duvaucelii,Blue-eared Barbet,0.9709,844776_source0.wav
69.0,72.0,Psilopogon duvaucelii,Psilopogon duvaucelii,0.8405,844776_source0.wav
69.0,72.0,Psilopogon australis,Little Barbet,0.3431,844776_source0.wav
72.0,75.0,Psilopogon duvaucelii,Blue-eared Barbet,0.9822,844776_source0.wav
72.0,75.0,Psilopogon duvaucelii,Psilopogon duvaucelii,0.7689,844776_source0.wav
75.0,78.0,Psilopogon duvaucelii,Blue-eared Barbet,0.9341,844776_source0.wav
75.0,78.0,Psilopogon duvaucelii,Psilopogon duvaucelii,0.7763,844776_source0.wav
78.0,81.0,Psilopogon duvaucelii,Blue-eared Barbet,0.9424,844776_source0.wav
78.0,81.0,Psilopogon duvaucelii,Psilopogon duvaucelii,0.6543,844776_source0.wav
81.0,84.0,Psilopogon duvaucelii,Blue-eared Barbet,0.9485,844776_source0.wav
81.0,84.0,Psilopogon duvaucelii,Psilopogon duvaucelii,0.6940,844776_source0.wav
84.0,87.0,Psilopogon duvaucelii,Blue-eared Barbet,0.9692,844776_source0.wav
84.0,87.0,Psilopogon duvaucelii,Psilopogon duvaucelii,0.6529,844776_source0.wav
87.0,90.0,Psilopogon duvaucelii,Blue-eared Barbet,0.8858,844776_source0.wav
87.0,90.0,Psilopogon duvaucelii,Psilopogon duvaucelii,0.6576,844776_source0.wav
90.0,93.0,Psilopogon duvaucelii,Blue-eared Barbet,0.9704,844776_source0.wav
90.0,93.0,Psilopogon duvaucelii,Psilopogon duvaucelii,0.7901,844776_source0.wav
93.0,96.0,Psilopogon duvaucelii,Blue-eared Barbet,0.9882,844776_source0.wav
93.0,96.0,Psilopogon duvaucelii,Psilopogon duvaucelii,0.9178,844776_source0.wav
96.0,98.93,Psilopogon duvaucelii,Blue-eared Barbet,0.9336,844776_source0.wav
96.0,98.93,Psilopogon duvaucelii,Psilopogon duvaucelii,0.6396,844776_source0.wav
42.0,45.0,Pterorhinus treacheri,Pterorhinus treacheri,0.3664,917357_source0.wav
42.0,45.0,Pterorhinus chinensis,Black-throated Laughingthrush,0.3073,917357_source0.wav
45.0,48.0,Pterorhinus treacheri,Pterorhinus treacheri,0.3749,917357_source0.wav
0.0,3.0,Pachycephala hypoxantha,Pachycephala hypoxantha,0.2583,917540_source1.wav
15.0,18.0,Pachycephala hypoxantha,Pachycephala hypoxantha,0.2648,917540_source1.wav
42.0,45.0,Phylloscopus ibericus,Iberian Chiffchaff,0.6507,917540_source1.wav
9.0,12.0,Pellorneum malaccense,Short-tailed Babbler,0.3191,918359_source0.wav
3.0,6.0,Dendrocitta leucogastra,White-bellied Treepie,0.8302,936043_source0.wav
3.0,6.0,Dendrocitta cinerascens,Dendrocitta cinerascens,0.3900,936043_source0.wav
6.0,9.0,Dendrocitta leucogastra,White-bellied Treepie,0.6283,936043_source0.wav
6.0,9.0,Dendrocitta cinerascens,Dendrocitta cinerascens,0.5518,936043_source0.wav
6.0,9.0,Dendrocitta formosae,Gray Treepie,0.4328,936043_source0.wav
6.0,9.0,Dendrocitta cinerascens,Bornean Treepie,0.3155,936043_source0.wav
9.0,12.0,Dendrocitta leucogastra,White-bellied Treepie,0.9541,936043_source0.wav
9.0,12.0,Dendrocitta cinerascens,Bornean Treepie,0.3927,936043_source0.wav
9.0,12.0,Dendrocitta cinerascens,Dendrocitta cinerascens,0.2959,936043_source0.wav
9.0,12.0,Dendrocitta formosae,Gray Treepie,0.2667,936043_source0.wav
15.0,18.0,Dendrocitta leucogastra,White-bellied Treepie,0.9117,936043_source0.wav
15.0,18.0,Dendrocitta cinerascens,Dendrocitta cinerascens,0.6234,936043_source0.wav
15.0,18.0,Dendrocitta cinerascens,Bornean Treepie,0.3130,936043_source0.wav
15.0,18.0,Corvus enca,Corvus enca,0.2917,936043_source0.wav
18.0,21.0,Dendrocitta leucogastra,White-bellied Treepie,0.9327,936043_source0.wav
18.0,21.0,Dendrocitta formosae,Gray Treepie,0.4504,936043_source0.wav
18.0,21.0,Dendrocitta cinerascens,Dendrocitta cinerascens,0.4011,936043_source0.wav
18.0,21.0,Dendrocitta cinerascens,Bornean Treepie,0.3938,936043_source0.wav
24.0,27.0,Dendrocitta leucogastra,White-bellied Treepie,0.9957,936043_source0.wav
24.0,27.0,Dendrocitta cinerascens,Bornean Treepie,0.6725,936043_source0.wav
24.0,27.0,Dendrocitta cinerascens,Dendrocitta cinerascens,0.6051,936043_source0.wav
24.0,27.0,Dendrocitta formosae,Gray Treepie,0.5122,936043_source0.wav
27.0,30.0,Dendrocitta leucogastra,White-bellied Treepie,0.9537,936043_source0.wav
27.0,30.0,Dendrocitta cinerascens,Dendrocitta cinerascens,0.5473,936043_source0.wav
27.0,30.0,Corvus enca,Corvus enca,0.4235,936043_source0.wav
27.0,30.0,Dendrocitta cinerascens,Bornean Treepie,0.3016,936043_source0.wav
30.0,33.0,Dendrocitta leucogastra,White-bellied Treepie,0.7239,936043_source0.wav
30.0,33.0,Dendrocitta cinerascens,Bornean Treepie,0.5434,936043_source0.wav
30.0,33.0,Dendrocitta cinerascens,Dendrocitta cinerascens,0.3697,936043_source0.wav
30.0,33.0,Dendrocitta formosae,Gray Treepie,0.3613,936043_source0.wav
9.0,12.0,Haematortyx sanguiniceps,Crimson-headed Partridge,0.7438,936048_source0.wav
9.0,12.0,Haematortyx sanguiniceps,Haematortyx sanguiniceps,0.4155,936048_source0.wav
12.0,15.0,Haematortyx sanguiniceps,Crimson-headed Partridge,0.9997,936048_source0.wav
12.0,15.0,Haematortyx sanguiniceps,Haematortyx sanguiniceps,0.9686,936048_source0.wav
15.0,18.0,Haematortyx sanguiniceps,Crimson-headed Partridge,1.0000,936048_source0.wav
15.0,18.0,Haematortyx sanguiniceps,Haematortyx sanguiniceps,0.9981,936048_source0.wav
18.0,21.0,Haematortyx sanguiniceps,Crimson-headed Partridge,0.9728,936048_source0.wav
18.0,21.0,Haematortyx sanguiniceps,Haematortyx sanguiniceps,0.4504,936048_source0.wav
24.0,26.1,Corvus frugilegus,Rook,0.3008,936048_source0.wav
6.0,9.0,Frederickena viridis,Black-throated Antshrike,0.4583,937591_source1.wav
6.0,9.0,Attila cinnamomeus,Cinnamon Attila,0.4189,937591_source1.wav
9.0,12.0,Cyanocorax yncas,Green Jay,0.4257,937591_source1.wav
87.0,90.0,Ixodia erythropthalmos,Ixodia erythropthalmos,0.3340,937591_source1.wav
90.0,93.0,Rubigula erythropthalmos,Spectacled Bulbul,0.3070,937591_source1.wav
93.0,96.0,Rubigula erythropthalmos,Spectacled Bulbul,0.7402,937591_source1.wav
93.0,96.0,Ixodia erythropthalmos,Ixodia erythropthalmos,0.4658,937591_source1.wav
102.0,105.0,Ixodia erythropthalmos,Ixodia erythropthalmos,0.7963,937591_source1.wav
102.0,105.0,Rubigula erythropthalmos,Spectacled Bulbul,0.7669,937591_source1.wav
105.0,108.0,Rubigula erythropthalmos,Spectacled Bulbul,0.6610,937591_source1.wav
105.0,108.0,Ixodia erythropthalmos,Ixodia erythropthalmos,0.4030,937591_source1.wav
111.0,114.0,Ixodia erythropthalmos,Ixodia erythropthalmos,0.8648,937591_source1.wav
111.0,114.0,Rubigula erythropthalmos,Spectacled Bulbul,0.8323,937591_source1.wav
114.0,117.0,Rubigula erythropthalmos,Spectacled Bulbul,0.9189,937591_source1.wav
114.0,117.0,Ixodia erythropthalmos,Ixodia erythropthalmos,0.7982,937591_source1.wav
117.0,120.0,Rubigula erythropthalmos,Spectacled Bulbul,0.7283,937591_source1.wav
117.0,120.0,Ixodia erythropthalmos,Ixodia erythropthalmos,0.6276,937591_source1.wav
0.0,3.0,Eurylaimus javanicus,Banded Broadbill,0.3220,95692_source1.wav
60.0,63.0,Dicrurus bracteatus,Dicrurus bracteatus,0.3124,95694_source3.wav
66.0,69.0,Dicrurus bracteatus,Dicrurus bracteatus,0.2823,95694_source3.wav
69.0,72.0,Corvus unicolor,Corvus unicolor,0.3497,95694_source3.wav
0.0,3.0,Mulleripicus pulverulentus,Great Slaty Woodpecker,0.9998,Great Slaty Woodpecker (Mulleripicus pulverulentus) # 1_source0.wav
0.0,3.0,Mulleripicus pulverulentus,Mulleripicus pulverulentus,0.9828,Great Slaty Woodpecker (Mulleripicus pulverulentus) # 1_source0.wav
3.0,5.64,Mulleripicus pulverulentus,Great Slaty Woodpecker,0.9999,Great Slaty Woodpecker (Mulleripicus pulverulentus) # 1_source0.wav
3.0,5.64,Mulleripicus pulverulentus,Mulleripicus pulverulentus,0.9745,Great Slaty Woodpecker (Mulleripicus pulverulentus) # 1_source0.wav
